Cargo;Administradora;Tipo Pagamento;Dt pag. por;dia pag.;1P recebera;1P referencia;1P periodo inicial;1P dt inicial;1P periodo final;1P dt final;D+ recebera;D+ referencia;D+ perido inicial;D+ dt inicial;D+ periodo final;D+ dt final;FAT recebera;FAT referencia;FAT perido inicial;FAT dt inicial;FAT periodo final;FAT dt final
CONSULTOR 007 - EQ. INTERNAS;DISAL;1º;DIA DA SEMANA;1º SEXTA DO MES;SIM;DATA DO CADASTRO (ADM);DIA DA SEMANA ANTERIOR;SEGUNDA;DIA DA SEMANA ANTERIOR;SÁBADO;SIM;DATA PAGAMENTO DO CLIENTE;DIA DA SEMANA ANTERIOR;SEGUNDA;DIA DA SEMANA ANTERIOR;SÁBADO;NÃO;False;DIA ÚTIL;False;DIA ÚTIL;False
CONSULTOR 007 - EQ. INTERNAS;DISAL;2º;DIA DA SEMANA;2º SEXTA DO MES;SIM;DATA DO CADASTRO (ADM);DIA DA SEMANA ANTERIOR;SEGUNDA;DIA DA SEMANA ANTERIOR;SÁBADO;SIM;DATA PAGAMENTO DO CLIENTE;DIA DA SEMANA ANTERIOR;SEGUNDA;DIA DA SEMANA ANTERIOR;SÁBADO;NÃO;False;DIA ÚTIL;False;DIA ÚTIL;False
CONSULTOR 007 - EQ. INTERNAS;DISAL;3º;DIA DA SEMANA;3º SEXTA DO MES;SIM;DATA DO CADASTRO (ADM);DIA DA SEMANA ANTERIOR;SEGUNDA;DIA DA SEMANA ANTERIOR;SÁBADO;SIM;DATA PAGAMENTO DO CLIENTE;DIA DA SEMANA ANTERIOR;SEGUNDA;DIA DA SEMANA ANTERIOR;SÁBADO;NÃO;False;DIA ÚTIL;False;DIA ÚTIL;False
CONSULTOR 007 - EQ. INTERNAS;DISAL;4º;DIA DA SEMANA;4º SEXTA DO MES;SIM;DATA DO CADASTRO (ADM);DIA DA SEMANA ANTERIOR;SEGUNDA;DIA DA SEMANA ANTERIOR;SEXTA;SIM;DATA PAGAMENTO DO CLIENTE;DIA DA SEMANA ANTERIOR;SEGUNDA;DIA DA SEMANA ANTERIOR;SEXTA;NÃO;False;DIA ÚTIL;False;DIA ÚTIL;False
CONSULTOR 007 - EQ. INTERNAS;DISAL;5º;DIA DA SEMANA;5º SEXTA DO MES;SIM;DATA DO CADASTRO (ADM);DIA DA SEMANA ANTERIOR;SEGUNDA;DIA DA SEMANA ANTERIOR;SÁBADO;SIM;DATA PAGAMENTO DO CLIENTE;DIA DA SEMANA ANTERIOR;SEGUNDA;DIA DA SEMANA ANTERIOR;SÁBADO;NÃO;False;DIA ÚTIL;False;DIA ÚTIL;False
CONSULTOR 007 - EQ. INTERNAS;RENAULT / NISSAN;1º;DIA DA SEMANA;1º SEXTA DO MES;SIM;DATA DO CADASTRO (ADM);DIA DA SEMANA ANTERIOR;SEGUNDA;DIA DA SEMANA ANTERIOR;SÁBADO;SIM;DATA PAGAMENTO DO CLIENTE;DIA DA SEMANA ANTERIOR;SEGUNDA;DIA DA SEMANA ANTERIOR;SÁBADO;NÃO;False;DIA ÚTIL;False;DIA ÚTIL;False
CONSULTOR 007 - EQ. INTERNAS;RENAULT / NISSAN;2º;DIA DA SEMANA;2º SEXTA DO MES;SIM;DATA DO CADASTRO (ADM);DIA DA SEMANA ANTERIOR;SEGUNDA;DIA DA SEMANA ANTERIOR;SÁBADO;SIM;DATA PAGAMENTO DO CLIENTE;DIA DA SEMANA ANTERIOR;SEGUNDA;DIA DA SEMANA ANTERIOR;SÁBADO;NÃO;False;DIA ÚTIL;False;DIA ÚTIL;False
CONSULTOR 007 - EQ. INTERNAS;RENAULT / NISSAN;3º;DIA DA SEMANA;3º SEXTA DO MES;SIM;DATA DO CADASTRO (ADM);DIA DA SEMANA ANTERIOR;SEGUNDA;DIA DA SEMANA ANTERIOR;SÁBADO;SIM;DATA PAGAMENTO DO CLIENTE;DIA DA SEMANA ANTERIOR;SEGUNDA;DIA DA SEMANA ANTERIOR;SÁBADO;NÃO;False;DIA ÚTIL;False;DIA ÚTIL;False
CONSULTOR 007 - EQ. INTERNAS;RENAULT / NISSAN;4º;DIA DA SEMANA;4º SEXTA DO MES;SIM;DATA DO CADASTRO (ADM);DIA DA SEMANA ANTERIOR;SEGUNDA;DIA DA SEMANA ANTERIOR;SÁBADO;SIM;DATA PAGAMENTO DO CLIENTE;DIA DA SEMANA ANTERIOR;SEGUNDA;DIA DA SEMANA ANTERIOR;SÁBADO;NÃO;False;DIA ÚTIL;False;DIA ÚTIL;False
CONSULTOR 007 - EQ. INTERNAS;RENAULT / NISSAN;5º;DIA DA SEMANA;5º SEXTA DO MES;SIM;DATA DO CADASTRO (ADM);DIA DA SEMANA ANTERIOR;SEGUNDA;DIA DA SEMANA ANTERIOR;SÁBADO;SIM;DATA PAGAMENTO DO CLIENTE;DIA DA SEMANA ANTERIOR;SEGUNDA;DIA DA SEMANA ANTERIOR;SÁBADO;NÃO;False;DIA ÚTIL;False;DIA ÚTIL;False
CONSULTOR 007 - EQ. INTERNAS;VOLKSWAGEN;1º;DIA DA SEMANA;1º SEXTA DO MES;SIM;DATA DO CADASTRO (ADM);DIA DA SEMANA ANTERIOR;SEGUNDA;DIA DA SEMANA ANTERIOR;SÁBADO;SIM;DATA PAGAMENTO DO CLIENTE;DIA DA SEMANA ANTERIOR;SEGUNDA;DIA DA SEMANA ANTERIOR;SÁBADO;NÃO;False;DIA ÚTIL;False;DIA ÚTIL;False
CONSULTOR 007 - EQ. INTERNAS;VOLKSWAGEN;2º;DIA DA SEMANA;2º SEXTA DO MES;SIM;DATA DO CADASTRO (ADM);DIA DA SEMANA ANTERIOR;SEGUNDA;DIA DA SEMANA ANTERIOR;SÁBADO;SIM;DATA PAGAMENTO DO CLIENTE;DIA DA SEMANA ANTERIOR;SEGUNDA;DIA DA SEMANA ANTERIOR;SÁBADO;NÃO;False;DIA ÚTIL;False;DIA ÚTIL;False
CONSULTOR 007 - EQ. INTERNAS;VOLKSWAGEN;3º;DIA DA SEMANA;3º SEXTA DO MES;SIM;DATA DO CADASTRO (ADM);DIA DA SEMANA ANTERIOR;SEGUNDA;DIA DA SEMANA ANTERIOR;SÁBADO;SIM;DATA PAGAMENTO DO CLIENTE;DIA DA SEMANA ANTERIOR;SEGUNDA;DIA DA SEMANA ANTERIOR;SÁBADO;NÃO;False;DIA ÚTIL;False;DIA ÚTIL;False
CONSULTOR 007 - EQ. INTERNAS;VOLKSWAGEN;4º;DIA DA SEMANA;4º SEXTA DO MES;SIM;DATA DO CADASTRO (ADM);DIA DA SEMANA ANTERIOR;SEGUNDA;DIA DA SEMANA ANTERIOR;SÁBADO;SIM;DATA PAGAMENTO DO CLIENTE;DIA DA SEMANA ANTERIOR;SEGUNDA;DIA DA SEMANA ANTERIOR;SÁBADO;NÃO;False;DIA ÚTIL;False;DIA ÚTIL;False
CONSULTOR 007 - EQ. INTERNAS;VOLKSWAGEN;5º;DIA DA SEMANA;5º SEXTA DO MES;SIM;DATA DO CADASTRO (ADM);DIA DA SEMANA ANTERIOR;SEGUNDA;DIA DA SEMANA ANTERIOR;SÁBADO;SIM;DATA PAGAMENTO DO CLIENTE;DIA DA SEMANA ANTERIOR;SEGUNDA;DIA DA SEMANA ANTERIOR;SÁBADO;NÃO;False;DIA ÚTIL;False;DIA ÚTIL;False
CONSULTOR AUTÔNOMO - MEI;DISAL;1º;DIA DA SEMANA;1º SEXTA DO MES;SIM;DATA DO CADASTRO (ADM);DIA DA SEMANA ANTERIOR;DOMINGO;DIA DA SEMANA ANTERIOR;SÁBADO;SIM;DATA PAGAMENTO DO CLIENTE;DIA DA SEMANA ANTERIOR;DOMINGO;DIA DA SEMANA ANTERIOR;SÁBADO;NÃO;False;DIA ÚTIL;False;DIA ÚTIL;False
CONSULTOR AUTÔNOMO - MEI;DISAL;2º;DIA DA SEMANA;2º SEXTA DO MES;SIM;DATA DO CADASTRO (ADM);DIA DA SEMANA ANTERIOR;DOMINGO;DIA DA SEMANA ANTERIOR;SÁBADO;SIM;DATA PAGAMENTO DO CLIENTE;DIA DA SEMANA ANTERIOR;DOMINGO;DIA DA SEMANA ANTERIOR;SÁBADO;NÃO;False;DIA ÚTIL;False;DIA ÚTIL;False
CONSULTOR AUTÔNOMO - MEI;DISAL;3º;DIA DA SEMANA;3º SEXTA DO MES;SIM;DATA DO CADASTRO (ADM);DIA DA SEMANA ANTERIOR;DOMINGO;DIA DA SEMANA ANTERIOR;SÁBADO;SIM;DATA PAGAMENTO DO CLIENTE;DIA DA SEMANA ANTERIOR;DOMINGO;DIA DA SEMANA ANTERIOR;SÁBADO;NÃO;False;DIA ÚTIL;False;DIA ÚTIL;False
CONSULTOR AUTÔNOMO - MEI;DISAL;4º;DIA DA SEMANA;4º SEXTA DO MES;SIM;DATA DO CADASTRO (ADM);DIA DA SEMANA ANTERIOR;SEGUNDA;DIA DA SEMANA ANTERIOR;SÁBADO;SIM;DATA PAGAMENTO DO CLIENTE;DIA DA SEMANA ANTERIOR;SEGUNDA;DIA DA SEMANA ANTERIOR;SÁBADO;NÃO;False;DIA ÚTIL;False;DIA ÚTIL;False
CONSULTOR AUTÔNOMO - MEI;DISAL;5º;DIA DA SEMANA;5º SEXTA DO MES;SIM;DATA DO CADASTRO (ADM);DIA DA SEMANA ANTERIOR;DOMINGO;DIA DA SEMANA ANTERIOR;SÁBADO;SIM;DATA PAGAMENTO DO CLIENTE;DIA DA SEMANA ANTERIOR;DOMINGO;DIA DA SEMANA ANTERIOR;SÁBADO;NÃO;False;DIA ÚTIL;False;DIA ÚTIL;False
CONSULTOR AUTÔNOMO - MEI;DISAL PARCEIROS;1º;DIA DA SEMANA;1º SEXTA DO MES;SIM;DATA DO CADASTRO (ADM);DIA DA SEMANA ANTERIOR;SEGUNDA;DIA DA SEMANA ANTERIOR;SÁBADO;SIM;DATA PAGAMENTO DO CLIENTE;DIA DA SEMANA ANTERIOR;SEGUNDA;DIA DA SEMANA ANTERIOR;SÁBADO;NÃO;False;DIA ÚTIL;False;DIA ÚTIL;False
CONSULTOR AUTÔNOMO - MEI;DISAL PARCEIROS;2º;DIA DA SEMANA;2º SEXTA DO MES;SIM;DATA DO CADASTRO (ADM);DIA DA SEMANA ANTERIOR;SEGUNDA;DIA DA SEMANA ANTERIOR;SÁBADO;SIM;DATA PAGAMENTO DO CLIENTE;DIA DA SEMANA ANTERIOR;SEGUNDA;DIA DA SEMANA ANTERIOR;SÁBADO;NÃO;False;DIA ÚTIL;False;DIA ÚTIL;False
CONSULTOR AUTÔNOMO - MEI;DISAL PARCEIROS;3º;DIA DA SEMANA;3º SEXTA DO MES;SIM;DATA DO CADASTRO (ADM);DIA DA SEMANA ANTERIOR;SEGUNDA;DIA DA SEMANA ANTERIOR;SÁBADO;SIM;DATA PAGAMENTO DO CLIENTE;DIA DA SEMANA ANTERIOR;SEGUNDA;DIA DA SEMANA ANTERIOR;SÁBADO;NÃO;False;DIA ÚTIL;False;DIA ÚTIL;False
CONSULTOR AUTÔNOMO - MEI;DISAL PARCEIROS;4º;DIA DA SEMANA;4º SEXTA DO MES;SIM;DATA DO CADASTRO (ADM);DIA DA SEMANA ANTERIOR;SEGUNDA;DIA DA SEMANA ANTERIOR;SÁBADO;SIM;DATA PAGAMENTO DO CLIENTE;DIA DA SEMANA ANTERIOR;SEGUNDA;DIA DA SEMANA ANTERIOR;SÁBADO;NÃO;False;DIA ÚTIL;False;DIA ÚTIL;False
CONSULTOR AUTÔNOMO - MEI;DISAL PARCEIROS;5º;DIA DA SEMANA;5º SEXTA DO MES;SIM;DATA DO CADASTRO (ADM);DIA DA SEMANA ANTERIOR;SEGUNDA;DIA DA SEMANA ANTERIOR;SÁBADO;SIM;DATA PAGAMENTO DO CLIENTE;DIA DA SEMANA ANTERIOR;SEGUNDA;DIA DA SEMANA ANTERIOR;SÁBADO;NÃO;False;DIA ÚTIL;False;DIA ÚTIL;False
CONSULTOR AUTÔNOMO - MEI;EMBRACON;1º 2º 3º 4º 5º;DIA ÚTIL;1º DIA ÚTIL;SIM;DATA ENTREGA VENDA;DIA ÚTIL;1º DIA ÚTIL;DIA ÚTIL;21º DIA ÚTIL;NÃO;DATA DO CADASTRO (ADM);DIA ÚTIL;1º DIA ÚTIL;DIA ÚTIL;20º DIA ÚTIL;NÃO;False;DIA ÚTIL;False;DIA ÚTIL;False
CONSULTOR AUTÔNOMO - MEI;RENAULT / NISSAN;1º;DIA DA SEMANA;1º SEXTA DO MES;SIM;DATA DO CADASTRO (ADM);DIA DA SEMANA ANTERIOR;DOMINGO;DIA DA SEMANA ANTERIOR;SÁBADO;SIM;DATA PAGAMENTO DO CLIENTE;DIA DA SEMANA ANTERIOR;DOMINGO;DIA DA SEMANA ANTERIOR;SÁBADO;NÃO;False;DIA ÚTIL;False;DIA ÚTIL;False
CONSULTOR AUTÔNOMO - MEI;RENAULT / NISSAN;2º;DIA DA SEMANA;2º SEXTA DO MES;SIM;DATA DO CADASTRO (ADM);DIA DA SEMANA ANTERIOR;DOMINGO;DIA DA SEMANA ANTERIOR;SÁBADO;SIM;DATA PAGAMENTO DO CLIENTE;DIA DA SEMANA ANTERIOR;DOMINGO;DIA DA SEMANA ANTERIOR;SÁBADO;NÃO;False;DIA ÚTIL;False;DIA ÚTIL;False
CONSULTOR AUTÔNOMO - MEI;RENAULT / NISSAN;3º;DIA DA SEMANA;3º SEXTA DO MES;SIM;DATA DO CADASTRO (ADM);DIA DA SEMANA ANTERIOR;DOMINGO;DIA DA SEMANA ANTERIOR;SÁBADO;SIM;DATA PAGAMENTO DO CLIENTE;DIA DA SEMANA ANTERIOR;DOMINGO;DIA DA SEMANA ANTERIOR;SÁBADO;NÃO;False;DIA ÚTIL;False;DIA ÚTIL;False
CONSULTOR AUTÔNOMO - MEI;RENAULT / NISSAN;4º;DIA DA SEMANA;4º SEXTA DO MES;SIM;DATA DO CADASTRO (ADM);DIA DA SEMANA ANTERIOR;DOMINGO;DIA DA SEMANA ANTERIOR;SÁBADO;SIM;DATA PAGAMENTO DO CLIENTE;DIA DA SEMANA ANTERIOR;DOMINGO;DIA DA SEMANA ANTERIOR;SÁBADO;NÃO;False;DIA ÚTIL;False;DIA ÚTIL;False
CONSULTOR AUTÔNOMO - MEI;RENAULT / NISSAN;5º;DIA DA SEMANA;5º SEXTA DO MES;SIM;DATA DO CADASTRO (ADM);DIA DA SEMANA ANTERIOR;DOMINGO;DIA DA SEMANA ANTERIOR;SÁBADO;SIM;DATA PAGAMENTO DO CLIENTE;DIA DA SEMANA ANTERIOR;DOMINGO;DIA DA SEMANA ANTERIOR;SÁBADO;NÃO;False;DIA ÚTIL;False;DIA ÚTIL;False
CONSULTOR CLT - A PARTIR JAN-2018;DISAL;1º 2º 3º 4º 5º;POR ATA;False;SIM;DATA ENTREGA VENDA;POR ATA ANTERIOR;INÍCIO;POR ATA ANTERIOR;FINAL;SIM;DATA PAGAMENTO DO CLIENTE;POR ATA ANTERIOR;INÍCIO;POR ATA ANTERIOR;FINAL;NÃO;False;DIA ÚTIL;False;DIA ÚTIL;False
CONSULTOR CLT - A PARTIR JAN-2018;GM - CHEVROLET;1º 2º 3º 4º 5º;POR ATA;False;SIM;DATA ENTREGA VENDA;POR ATA ANTERIOR;INÍCIO;POR ATA ANTERIOR;FINAL;SIM;DATA PAGAMENTO DO CLIENTE;POR ATA ANTERIOR;INÍCIO;POR ATA ANTERIOR;FINAL;NÃO;False;DIA ÚTIL;False;DIA ÚTIL;False
CONSULTOR CLT - A PARTIR JAN-2018;RENAULT / NISSAN;1º 2º 3º 4º 5º;POR ATA;False;SIM;DATA ENTREGA VENDA;POR ATA ANTERIOR;INÍCIO;POR ATA ANTERIOR;FINAL;SIM;DATA PAGAMENTO DO CLIENTE;POR ATA ANTERIOR;INÍCIO;POR ATA ANTERIOR;FINAL;NÃO;False;DIA ÚTIL;False;DIA ÚTIL;False
CONSULTOR CLT - A PARTIR JAN-2018;VOLKSWAGEN;1º 2º 3º 4º 5º;POR ATA;False;SIM;DATA ENTREGA VENDA;POR ATA ANTERIOR;INÍCIO;POR ATA ANTERIOR;FINAL;SIM;DATA PAGAMENTO DO CLIENTE;POR ATA ANTERIOR;INÍCIO;POR ATA ANTERIOR;FINAL;NÃO;False;DIA ÚTIL;False;DIA ÚTIL;False
CONSULTOR DE PARCEIRO;DISAL PARCEIROS;1º;DIA DA SEMANA;1º SEXTA DO MES;SIM;DATA DO CADASTRO (ADM);DIA DA SEMANA ANTERIOR;SEGUNDA;DIA DA SEMANA ANTERIOR;SÁBADO;SIM;DATA PAGAMENTO DO CLIENTE;DIA DA SEMANA ANTERIOR;SEGUNDA;DIA DA SEMANA ANTERIOR;SÁBADO;SIM;DATA DO FATURAMENTO;DIA DA SEMANA ANTERIOR;SEGUNDA;DIA DA SEMANA ANTERIOR;SÁBADO
CONSULTOR DE PARCEIRO;DISAL PARCEIROS;2º;DIA DA SEMANA;2º SEXTA DO MES;SIM;DATA DO CADASTRO (ADM);DIA DA SEMANA ANTERIOR;SEGUNDA;DIA DA SEMANA ANTERIOR;SÁBADO;SIM;DATA PAGAMENTO DO CLIENTE;DIA DA SEMANA ANTERIOR;SEGUNDA;DIA DA SEMANA ANTERIOR;SÁBADO;SIM;DATA DO FATURAMENTO;DIA DA SEMANA ANTERIOR;SEGUNDA;DIA DA SEMANA ANTERIOR;SÁBADO
CONSULTOR DE PARCEIRO;DISAL PARCEIROS;3º;DIA DA SEMANA;3º SEXTA DO MES;SIM;DATA DO CADASTRO (ADM);DIA DA SEMANA ANTERIOR;SEGUNDA;DIA DA SEMANA ANTERIOR;SÁBADO;SIM;DATA PAGAMENTO DO CLIENTE;DIA DA SEMANA ANTERIOR;SEGUNDA;DIA DA SEMANA ANTERIOR;SÁBADO;SIM;DATA DO FATURAMENTO;DIA DA SEMANA ANTERIOR;SEGUNDA;DIA DA SEMANA ANTERIOR;SÁBADO
CONSULTOR DE PARCEIRO;DISAL PARCEIROS;4º;DIA DA SEMANA;4º SEXTA DO MES;SIM;DATA DO CADASTRO (ADM);DIA DA SEMANA ANTERIOR;SEGUNDA;DIA DA SEMANA ANTERIOR;SÁBADO;SIM;DATA PAGAMENTO DO CLIENTE;DIA DA SEMANA ANTERIOR;SEGUNDA;DIA DA SEMANA ANTERIOR;SÁBADO;SIM;DATA DO FATURAMENTO;DIA DA SEMANA ANTERIOR;SEGUNDA;DIA DA SEMANA ANTERIOR;SÁBADO
CONSULTOR DE PARCEIRO;DISAL PARCEIROS;5º;DIA DA SEMANA;5º SEXTA DO MES;SIM;DATA DO CADASTRO (ADM);DIA DA SEMANA ANTERIOR;SEGUNDA;DIA DA SEMANA ANTERIOR;SÁBADO;SIM;DATA PAGAMENTO DO CLIENTE;DIA DA SEMANA ANTERIOR;SEGUNDA;DIA DA SEMANA ANTERIOR;SÁBADO;SIM;DATA DO FATURAMENTO;DIA DA SEMANA ANTERIOR;SEGUNDA;DIA DA SEMANA ANTERIOR;SÁBADO
CONSULTOR FREE LANCER;DISAL;1º;DIA DA SEMANA;1º SEXTA DO MES;SIM;DATA ENTREGA VENDA;DIA DA SEMANA;1º SEGUNDA DO MES;DIA DA SEMANA;1º SEXTA DO MES;NÃO;DATA PAGAMENTO DO CLIENTE;DIA DA SEMANA ANTERIOR;DOMINGO;DIA DA SEMANA ANTERIOR;SÁBADO;NÃO;False;DIA ÚTIL;False;DIA ÚTIL;False
CONSULTOR FREE LANCER;DISAL;2º;DIA DA SEMANA;2º SEXTA DO MES;SIM;DATA ENTREGA VENDA;DIA DA SEMANA;2º SEGUNDA DO MES;DIA DA SEMANA;2º SEXTA DO MES;NÃO;DATA PAGAMENTO DO CLIENTE;DIA DA SEMANA ANTERIOR;DOMINGO;DIA DA SEMANA ANTERIOR;SÁBADO;NÃO;False;DIA ÚTIL;False;DIA ÚTIL;False
CONSULTOR FREE LANCER;DISAL;3º;DIA DA SEMANA;3º SEXTA DO MES;SIM;DATA DO CADASTRO (ADM);DIA DA SEMANA;3º SEGUNDA DO MES;DIA DA SEMANA;3º SEXTA DO MES;NÃO;DATA PAGAMENTO DO CLIENTE;DIA DA SEMANA ANTERIOR;DOMINGO;DIA DA SEMANA ANTERIOR;SÁBADO;NÃO;False;DIA ÚTIL;False;DIA ÚTIL;False
CONSULTOR FREE LANCER;DISAL;4º;DIA DA SEMANA;4º SEXTA DO MES;SIM;DATA DO CADASTRO (ADM);DIA DA SEMANA;4º SEGUNDA DO MES;DIA DA SEMANA;4º SEXTA DO MES;NÃO;DATA PAGAMENTO DO CLIENTE;DIA DA SEMANA ANTERIOR;DOMINGO;DIA DA SEMANA ANTERIOR;SÁBADO;NÃO;False;DIA ÚTIL;False;DIA ÚTIL;False
CONSULTOR FREE LANCER;DISAL;5º;DIA DA SEMANA;5º SEXTA DO MES;SIM;DATA DO CADASTRO (ADM);DIA DA SEMANA;5º SEGUNDA DO MES;DIA DA SEMANA;5º SEXTA DO MES;NÃO;DATA PAGAMENTO DO CLIENTE;DIA DA SEMANA ANTERIOR;DOMINGO;DIA DA SEMANA ANTERIOR;SÁBADO;NÃO;False;DIA ÚTIL;False;DIA ÚTIL;False
CONSULTOR FREE LANCER;RENAULT / NISSAN;1º;DIA DA SEMANA;1º SEXTA DO MES;SIM;DATA DO CADASTRO (ADM);DIA DA SEMANA ANTERIOR;SEGUNDA;DIA DA SEMANA ANTERIOR;SEXTA;SIM;DATA PAGAMENTO DO CLIENTE;DIA DA SEMANA ANTERIOR;SEGUNDA;DIA DA SEMANA ANTERIOR;SEXTA;NÃO;False;DIA ÚTIL;False;DIA ÚTIL;False
CONSULTOR FREE LANCER;RENAULT / NISSAN;2º;DIA DA SEMANA;2º SEXTA DO MES;SIM;DATA DO CADASTRO (ADM);DIA DA SEMANA ANTERIOR;SEGUNDA;DIA DA SEMANA ANTERIOR;SEXTA;SIM;DATA PAGAMENTO DO CLIENTE;DIA DA SEMANA ANTERIOR;SEGUNDA;DIA DA SEMANA ANTERIOR;SEXTA;NÃO;False;DIA ÚTIL;False;DIA ÚTIL;False
CONSULTOR FREE LANCER;RENAULT / NISSAN;3º;DIA DA SEMANA;3º SEXTA DO MES;SIM;DATA DO CADASTRO (ADM);DIA DA SEMANA ANTERIOR;SEGUNDA;DIA DA SEMANA ANTERIOR;SEXTA;SIM;DATA PAGAMENTO DO CLIENTE;DIA DA SEMANA ANTERIOR;SEGUNDA;DIA DA SEMANA ANTERIOR;SEXTA;NÃO;False;DIA ÚTIL;False;DIA ÚTIL;False
CONSULTOR FREE LANCER;RENAULT / NISSAN;4º;DIA DA SEMANA;4º SEXTA DO MES;SIM;DATA DO CADASTRO (ADM);DIA DA SEMANA ANTERIOR;SEGUNDA;DIA DA SEMANA ANTERIOR;SEXTA;SIM;DATA PAGAMENTO DO CLIENTE;DIA DA SEMANA ANTERIOR;SEGUNDA;DIA DA SEMANA ANTERIOR;SEXTA;NÃO;False;DIA ÚTIL;False;DIA ÚTIL;False
CONSULTOR FREE LANCER;RENAULT / NISSAN;5º;DIA DA SEMANA;5º SEXTA DO MES;SIM;DATA DO CADASTRO (ADM);DIA DA SEMANA ANTERIOR;SEGUNDA;DIA DA SEMANA ANTERIOR;SEXTA;SIM;DATA PAGAMENTO DO CLIENTE;DIA DA SEMANA ANTERIOR;SEGUNDA;DIA DA SEMANA ANTERIOR;SEXTA;NÃO;False;DIA ÚTIL;False;DIA ÚTIL;False
CONSULTOR INSIDE SALES CLT;DISAL;1º 2º 3º 4º 5º;POR ATA;False;SIM;DATA ENTREGA VENDA;POR ATA ANTERIOR;INÍCIO;POR ATA ANTERIOR;FINAL;SIM;DATA PAGAMENTO DO CLIENTE;POR ATA ANTERIOR;INÍCIO;POR ATA ANTERIOR;FINAL;NÃO;False;DIA ÚTIL;False;DIA ÚTIL;False
CONSULTOR INSIDE SALES CLT;RENAULT / NISSAN;1º 2º 3º 4º 5º;POR ATA;False;SIM;DATA ENTREGA VENDA;POR ATA ANTERIOR;INÍCIO;POR ATA ANTERIOR;FINAL;SIM;DATA DO CADASTRO (ADM);POR ATA ANTERIOR;INÍCIO;POR ATA ANTERIOR;FINAL;NÃO;False;DIA ÚTIL;False;DIA ÚTIL;False
CONSULTOR INSIDE SALES CLT;VOLKSWAGEN;1º 2º 3º 4º 5º;POR ATA;False;SIM;DATA ENTREGA VENDA;POR ATA ANTERIOR;INÍCIO;POR ATA ANTERIOR;FINAL;SIM;DATA PAGAMENTO DO CLIENTE;POR ATA ANTERIOR;INÍCIO;POR ATA ANTERIOR;FINAL;NÃO;False;DIA ÚTIL;False;DIA ÚTIL;False
CONSULTOR INTERNO INSIDE SALES - TRAINE;DISAL;1º 2º 3º 4º 5º;POR ATA;False;SIM;DATA ENTREGA VENDA;POR ATA ANTERIOR;INÍCIO;POR ATA ANTERIOR;FINAL;SIM;DATA PAGAMENTO DO CLIENTE;POR ATA ANTERIOR;INÍCIO;POR ATA ANTERIOR;FINAL;NÃO;False;DIA ÚTIL;False;DIA ÚTIL;False
CONSULTOR INTERNO INSIDE SALES - TRAINE;RENAULT / NISSAN;1º 2º 3º 4º 5º;POR ATA;False;SIM;DATA DO CADASTRO (ADM);POR ATA ANTERIOR;INÍCIO;POR ATA ANTERIOR;FINAL;SIM;DATA PAGAMENTO DO CLIENTE;POR ATA ANTERIOR;INÍCIO;POR ATA ANTERIOR;FINAL;NÃO;False;DIA ÚTIL;False;DIA ÚTIL;False
CONSULTOR INTERNO INSIDE SALES - TRAINE;VOLKSWAGEN;1º 2º 3º 4º 5º;POR ATA;False;SIM;DATA ENTREGA VENDA;POR ATA ANTERIOR;INÍCIO;POR ATA ANTERIOR;FINAL;SIM;DATA PAGAMENTO DO CLIENTE;POR ATA ANTERIOR;INÍCIO;POR ATA ANTERIOR;FINAL;NÃO;False;DIA ÚTIL;False;DIA ÚTIL;False
CONSULTOR MEI - CONTRATO TEMPORÁRIO;DISAL;1º 2º 3º 4º 5º;DIA ÚTIL;5º DIA ÚTIL;SIM;DATA ENTREGA VENDA;POR ATA ANTERIOR;INÍCIO;POR ATA ANTERIOR;FINAL;SIM;DATA PAGAMENTO DO CLIENTE;POR ATA ANTERIOR;INÍCIO;POR ATA ANTERIOR;FINAL;NÃO;False;DIA ÚTIL;False;DIA ÚTIL;False
CONSULTOR MEI - CONTRATO TEMPORÁRIO;DISAL PARCEIROS;1º 2º 3º 4º 5º;DIA ÚTIL;5º DIA ÚTIL;SIM;DATA ENTREGA VENDA;DIA CORRIDO MÊS ANTERIOR;1;DIA CORRIDO MÊS ANTERIOR;31;SIM;DATA PAGAMENTO DO CLIENTE;DIA CORRIDO MÊS ANTERIOR;1;DIA CORRIDO MÊS ANTERIOR;31;NÃO;False;DIA ÚTIL;False;DIA ÚTIL;False
CONSULTOR MEI - CONTRATO TEMPORÁRIO;RENAULT / NISSAN;1º 2º 3º 4º 5º;DIA ÚTIL;5º DIA ÚTIL;SIM;DATA ENTREGA VENDA;POR ATA ANTERIOR;INÍCIO;POR ATA ANTERIOR;FINAL;SIM;DATA PAGAMENTO DO CLIENTE;POR ATA ANTERIOR;INÍCIO;POR ATA ANTERIOR;FINAL;NÃO;False;DIA ÚTIL;False;DIA ÚTIL;False
CONSULTOR MEI - CONTRATO TEMPORÁRIO;VOLKSWAGEN;1º 2º 3º 4º 5º;POR ATA;False;SIM;DATA ENTREGA VENDA;POR ATA ANTERIOR;INÍCIO;POR ATA ANTERIOR;FINAL;SIM;DATA PAGAMENTO DO CLIENTE;POR ATA ANTERIOR;INÍCIO;POR ATA ANTERIOR;FINAL;NÃO;False;DIA ÚTIL;False;DIA ÚTIL;False
CONSULTOR TELL;DISAL;1º 2º 3º 4º 5º;DIA ÚTIL;5º DIA ÚTIL;SIM;DATA DO CADASTRO (ADM);DIA CORRIDO MÊS ANTERIOR;1;DIA CORRIDO MÊS ANTERIOR;31;SIM;DATA PAGAMENTO DO CLIENTE;DIA CORRIDO MÊS ANTERIOR;1;DIA CORRIDO MÊS ANTERIOR;31;NÃO;False;DIA ÚTIL;False;DIA ÚTIL;False
FUNCIONARIO/ESTAGIÁRIO;DISAL PARCEIROS;1º;DIA DA SEMANA;1º SEXTA DO MES;SIM;DATA DO CADASTRO (ADM);DIA DA SEMANA ANTERIOR;SEGUNDA;DIA DA SEMANA ANTERIOR;SÁBADO;SIM;DATA PAGAMENTO DO CLIENTE;DIA DA SEMANA ANTERIOR;SEGUNDA;DIA DA SEMANA ANTERIOR;SÁBADO;NÃO;False;DIA ÚTIL;False;DIA ÚTIL;False
FUNCIONARIO/ESTAGIÁRIO;DISAL PARCEIROS;2º;DIA DA SEMANA;2º SEXTA DO MES;SIM;DATA DO CADASTRO (ADM);DIA DA SEMANA ANTERIOR;SEGUNDA;DIA DA SEMANA ANTERIOR;SÁBADO;SIM;DATA PAGAMENTO DO CLIENTE;DIA DA SEMANA ANTERIOR;SEGUNDA;DIA DA SEMANA ANTERIOR;SÁBADO;NÃO;False;DIA ÚTIL;False;DIA ÚTIL;False
FUNCIONARIO/ESTAGIÁRIO;DISAL PARCEIROS;3º;DIA DA SEMANA;3º SEXTA DO MES;SIM;DATA DO CADASTRO (ADM);DIA DA SEMANA ANTERIOR;SEGUNDA;DIA DA SEMANA ANTERIOR;SÁBADO;SIM;DATA PAGAMENTO DO CLIENTE;DIA DA SEMANA ANTERIOR;SEGUNDA;DIA DA SEMANA ANTERIOR;SÁBADO;NÃO;False;DIA ÚTIL;False;DIA ÚTIL;False
FUNCIONARIO/ESTAGIÁRIO;DISAL PARCEIROS;4º;DIA DA SEMANA;4º SEXTA DO MES;SIM;DATA DO CADASTRO (ADM);DIA DA SEMANA ANTERIOR;SEGUNDA;DIA DA SEMANA ANTERIOR;SÁBADO;SIM;DATA PAGAMENTO DO CLIENTE;DIA DA SEMANA ANTERIOR;SEGUNDA;DIA DA SEMANA ANTERIOR;SÁBADO;NÃO;False;DIA ÚTIL;False;DIA ÚTIL;False
FUNCIONARIO/ESTAGIÁRIO;DISAL PARCEIROS;5º;DIA DA SEMANA;5º SEXTA DO MES;SIM;DATA DO CADASTRO (ADM);DIA DA SEMANA ANTERIOR;SEGUNDA;DIA DA SEMANA ANTERIOR;SÁBADO;SIM;DATA PAGAMENTO DO CLIENTE;DIA DA SEMANA ANTERIOR;SEGUNDA;DIA DA SEMANA ANTERIOR;SÁBADO;NÃO;False;DIA ÚTIL;False;DIA ÚTIL;False
PARCEIRINHO;DISAL;1º;DIA DA SEMANA;1º SEXTA DO MES;SIM;DATA DO CADASTRO (ADM);DIA DA SEMANA ANTERIOR;DOMINGO;DIA DA SEMANA ANTERIOR;SÁBADO;SIM;DATA PAGAMENTO DO CLIENTE;DIA DA SEMANA ANTERIOR;DOMINGO;DIA DA SEMANA ANTERIOR;SÁBADO;NÃO;False;DIA ÚTIL;False;DIA ÚTIL;False
PARCEIRINHO;DISAL;2º;DIA DA SEMANA;2º SEXTA DO MES;SIM;DATA DO CADASTRO (ADM);DIA DA SEMANA ANTERIOR;DOMINGO;DIA DA SEMANA ANTERIOR;SÁBADO;SIM;DATA PAGAMENTO DO CLIENTE;DIA DA SEMANA ANTERIOR;DOMINGO;DIA DA SEMANA ANTERIOR;SÁBADO;NÃO;False;DIA ÚTIL;False;DIA ÚTIL;False
PARCEIRINHO;DISAL;3º;DIA DA SEMANA;3º SEXTA DO MES;SIM;DATA DO CADASTRO (ADM);DIA DA SEMANA ANTERIOR;DOMINGO;DIA DA SEMANA ANTERIOR;SÁBADO;SIM;DATA PAGAMENTO DO CLIENTE;DIA DA SEMANA ANTERIOR;DOMINGO;DIA DA SEMANA ANTERIOR;SÁBADO;NÃO;False;DIA ÚTIL;False;DIA ÚTIL;False
PARCEIRINHO;DISAL;4º;DIA DA SEMANA;4º SEXTA DO MES;SIM;DATA DO CADASTRO (ADM);DIA DA SEMANA ANTERIOR;DOMINGO;DIA DA SEMANA ANTERIOR;SÁBADO;SIM;DATA PAGAMENTO DO CLIENTE;DIA DA SEMANA ANTERIOR;DOMINGO;DIA DA SEMANA ANTERIOR;SÁBADO;NÃO;False;DIA ÚTIL;False;DIA ÚTIL;False
PARCEIRINHO;DISAL;5º;DIA DA SEMANA;5º SEXTA DO MES;SIM;DATA DO CADASTRO (ADM);DIA DA SEMANA ANTERIOR;DOMINGO;DIA DA SEMANA ANTERIOR;SÁBADO;SIM;DATA PAGAMENTO DO CLIENTE;DIA DA SEMANA ANTERIOR;DOMINGO;DIA DA SEMANA ANTERIOR;SÁBADO;NÃO;False;DIA ÚTIL;False;DIA ÚTIL;False
PARCEIRINHO;DISAL PARCEIROS;1º;DIA DA SEMANA;1º SEXTA DO MES;SIM;DATA DO CADASTRO (ADM);DIA DA SEMANA ANTERIOR;DOMINGO;DIA DA SEMANA ANTERIOR;SÁBADO;SIM;DATA PAGAMENTO DO CLIENTE;DIA DA SEMANA ANTERIOR;DOMINGO;DIA DA SEMANA ANTERIOR;SÁBADO;NÃO;False;DIA ÚTIL;False;DIA ÚTIL;False
PARCEIRINHO;DISAL PARCEIROS;2º;DIA DA SEMANA;2º SEXTA DO MES;SIM;DATA DO CADASTRO (ADM);DIA DA SEMANA ANTERIOR;DOMINGO;DIA DA SEMANA ANTERIOR;SÁBADO;SIM;DATA PAGAMENTO DO CLIENTE;DIA DA SEMANA ANTERIOR;DOMINGO;DIA DA SEMANA ANTERIOR;SÁBADO;NÃO;False;DIA ÚTIL;False;DIA ÚTIL;False
PARCEIRINHO;DISAL PARCEIROS;3º;DIA DA SEMANA;3º SEXTA DO MES;SIM;DATA DO CADASTRO (ADM);DIA DA SEMANA ANTERIOR;DOMINGO;DIA DA SEMANA ANTERIOR;SÁBADO;SIM;DATA PAGAMENTO DO CLIENTE;DIA DA SEMANA ANTERIOR;DOMINGO;DIA DA SEMANA ANTERIOR;SÁBADO;NÃO;False;DIA ÚTIL;False;DIA ÚTIL;False
PARCEIRINHO;DISAL PARCEIROS;4º;DIA DA SEMANA;4º SEXTA DO MES;SIM;DATA DO CADASTRO (ADM);DIA DA SEMANA ANTERIOR;DOMINGO;DIA DA SEMANA ANTERIOR;SÁBADO;SIM;DATA PAGAMENTO DO CLIENTE;DIA DA SEMANA ANTERIOR;DOMINGO;DIA DA SEMANA ANTERIOR;SÁBADO;NÃO;False;DIA ÚTIL;False;DIA ÚTIL;False
PARCEIRINHO;DISAL PARCEIROS;5º;DIA DA SEMANA;5º SEXTA DO MES;SIM;DATA DO CADASTRO (ADM);DIA DA SEMANA ANTERIOR;DOMINGO;DIA DA SEMANA ANTERIOR;SÁBADO;SIM;DATA PAGAMENTO DO CLIENTE;DIA DA SEMANA ANTERIOR;DOMINGO;DIA DA SEMANA ANTERIOR;SÁBADO;NÃO;False;DIA ÚTIL;False;DIA ÚTIL;False
PARCEIRINHO;RENAULT / NISSAN;1º;DIA DA SEMANA;1º SEXTA DO MES;SIM;DATA DO CADASTRO (ADM);DIA DA SEMANA ANTERIOR;DOMINGO;DIA DA SEMANA ANTERIOR;SÁBADO;SIM;DATA PAGAMENTO DO CLIENTE;DIA DA SEMANA ANTERIOR;DOMINGO;DIA DA SEMANA ANTERIOR;SÁBADO;NÃO;False;DIA ÚTIL;False;DIA ÚTIL;False
PARCEIRINHO;RENAULT / NISSAN;2º;DIA DA SEMANA;2º SEXTA DO MES;SIM;DATA DO CADASTRO (ADM);DIA DA SEMANA ANTERIOR;DOMINGO;DIA DA SEMANA ANTERIOR;SÁBADO;SIM;DATA PAGAMENTO DO CLIENTE;DIA DA SEMANA ANTERIOR;DOMINGO;DIA DA SEMANA ANTERIOR;SÁBADO;NÃO;False;DIA ÚTIL;False;DIA ÚTIL;False
PARCEIRINHO;RENAULT / NISSAN;3º;DIA DA SEMANA;3º SEXTA DO MES;SIM;DATA DO CADASTRO (ADM);DIA DA SEMANA ANTERIOR;DOMINGO;DIA DA SEMANA ANTERIOR;SÁBADO;SIM;DATA DO CADASTRO (ADM);DIA DA SEMANA ANTERIOR;DOMINGO;DIA DA SEMANA ANTERIOR;SÁBADO;NÃO;False;DIA ÚTIL;False;DIA ÚTIL;False
PARCEIRINHO;RENAULT / NISSAN;4º;DIA DA SEMANA;4º SEXTA DO MES;SIM;DATA DO CADASTRO (ADM);DIA DA SEMANA ANTERIOR;DOMINGO;DIA DA SEMANA ANTERIOR;SÁBADO;SIM;DATA PAGAMENTO DO CLIENTE;DIA DA SEMANA ANTERIOR;DOMINGO;DIA DA SEMANA ANTERIOR;SÁBADO;NÃO;False;DIA ÚTIL;False;DIA ÚTIL;False
PARCEIRINHO;RENAULT / NISSAN;5º;DIA DA SEMANA;5º SEXTA DO MES;SIM;DATA DO CADASTRO (ADM);DIA DA SEMANA ANTERIOR;DOMINGO;DIA DA SEMANA ANTERIOR;SÁBADO;SIM;DATA PAGAMENTO DO CLIENTE;DIA DA SEMANA ANTERIOR;DOMINGO;DIA DA SEMANA ANTERIOR;SÁBADO;NÃO;False;DIA ÚTIL;False;DIA ÚTIL;False
PARCEIRINHO RODRIGO - FREE LANCE;DISAL;1º;DIA DA SEMANA;1º SEXTA DO MES;SIM;DATA DO CADASTRO (ADM);DIA DA SEMANA ANTERIOR;SEGUNDA;DIA DA SEMANA ANTERIOR;SÁBADO;SIM;DATA PAGAMENTO DO CLIENTE;DIA DA SEMANA ANTERIOR;SEGUNDA;DIA DA SEMANA ANTERIOR;SÁBADO;NÃO;False;DIA ÚTIL;False;DIA ÚTIL;False
PARCEIRINHO RODRIGO - FREE LANCE;DISAL;2º;DIA DA SEMANA;2º SEXTA DO MES;SIM;DATA DO CADASTRO (ADM);DIA DA SEMANA ANTERIOR;SEGUNDA;DIA DA SEMANA ANTERIOR;SÁBADO;SIM;DATA PAGAMENTO DO CLIENTE;DIA DA SEMANA ANTERIOR;SEGUNDA;DIA DA SEMANA ANTERIOR;SÁBADO;NÃO;False;DIA ÚTIL;False;DIA ÚTIL;False
PARCEIRINHO RODRIGO - FREE LANCE;DISAL;3º;DIA DA SEMANA;3º SEXTA DO MES;SIM;DATA DO CADASTRO (ADM);DIA DA SEMANA ANTERIOR;SEGUNDA;DIA DA SEMANA ANTERIOR;SÁBADO;SIM;DATA PAGAMENTO DO CLIENTE;DIA DA SEMANA ANTERIOR;SEGUNDA;DIA DA SEMANA ANTERIOR;SÁBADO;NÃO;False;DIA ÚTIL;False;DIA ÚTIL;False
PARCEIRINHO RODRIGO - FREE LANCE;DISAL;4º;DIA DA SEMANA;4º SEXTA DO MES;SIM;DATA DO CADASTRO (ADM);DIA DA SEMANA ANTERIOR;SEGUNDA;DIA DA SEMANA ANTERIOR;SÁBADO;SIM;DATA PAGAMENTO DO CLIENTE;DIA DA SEMANA ANTERIOR;SEGUNDA;DIA DA SEMANA ANTERIOR;SÁBADO;NÃO;False;DIA ÚTIL;False;DIA ÚTIL;False
PARCEIRINHO RODRIGO - FREE LANCE;DISAL;5º;DIA DA SEMANA;5º SEXTA DO MES;SIM;DATA DO CADASTRO (ADM);DIA DA SEMANA ANTERIOR;SEGUNDA;DIA DA SEMANA ANTERIOR;SÁBADO;SIM;DATA PAGAMENTO DO CLIENTE;DIA DA SEMANA ANTERIOR;SEGUNDA;DIA DA SEMANA ANTERIOR;SÁBADO;NÃO;False;DIA ÚTIL;False;DIA ÚTIL;False
PARCEIRINHO SOBRAL;DISAL;1º;DIA DA SEMANA;1º SEXTA DO MES;SIM;DATA DO CADASTRO (ADM);DIA DA SEMANA ANTERIOR;SEGUNDA;DIA DA SEMANA ANTERIOR;SÁBADO;SIM;DATA PAGAMENTO DO CLIENTE;DIA DA SEMANA ANTERIOR;SEGUNDA;DIA DA SEMANA ANTERIOR;SÁBADO;NÃO;False;DIA ÚTIL;False;DIA ÚTIL;False
PARCEIRINHO SOBRAL;DISAL;2º;DIA DA SEMANA;2º SEXTA DO MES;SIM;DATA DO CADASTRO (ADM);DIA DA SEMANA ANTERIOR;SEGUNDA;DIA DA SEMANA ANTERIOR;SÁBADO;SIM;DATA PAGAMENTO DO CLIENTE;DIA DA SEMANA ANTERIOR;SEGUNDA;DIA DA SEMANA ANTERIOR;SÁBADO;NÃO;False;DIA ÚTIL;False;DIA ÚTIL;False
PARCEIRINHO SOBRAL;DISAL;3º;DIA DA SEMANA;3º SEXTA DO MES;SIM;DATA DO CADASTRO (ADM);DIA DA SEMANA ANTERIOR;SEGUNDA;DIA DA SEMANA ANTERIOR;SÁBADO;SIM;DATA PAGAMENTO DO CLIENTE;DIA DA SEMANA ANTERIOR;SEGUNDA;DIA DA SEMANA ANTERIOR;SÁBADO;NÃO;False;DIA ÚTIL;False;DIA ÚTIL;False
PARCEIRINHO SOBRAL;DISAL;4º;DIA DA SEMANA;4º SEXTA DO MES;SIM;DATA DO CADASTRO (ADM);DIA DA SEMANA ANTERIOR;SEGUNDA;DIA DA SEMANA ANTERIOR;SÁBADO;SIM;DATA PAGAMENTO DO CLIENTE;DIA DA SEMANA ANTERIOR;SEGUNDA;DIA DA SEMANA ANTERIOR;SÁBADO;NÃO;False;DIA ÚTIL;False;DIA ÚTIL;False
PARCEIRINHO SOBRAL;DISAL;5º;DIA DA SEMANA;5º SEXTA DO MES;SIM;DATA DO CADASTRO (ADM);DIA DA SEMANA ANTERIOR;SEGUNDA;DIA DA SEMANA ANTERIOR;SÁBADO;SIM;DATA PAGAMENTO DO CLIENTE;DIA DA SEMANA ANTERIOR;SEGUNDA;DIA DA SEMANA ANTERIOR;SÁBADO;NÃO;False;DIA ÚTIL;False;DIA ÚTIL;False
PARCEIRO FERREIRA;DISAL PARCEIROS;1º;DIA DA SEMANA;1º SEXTA DO MES;SIM;DATA DO CADASTRO (ADM);DIA DA SEMANA ANTERIOR;SEGUNDA;DIA DA SEMANA ANTERIOR;SÁBADO;SIM;DATA PAGAMENTO DO CLIENTE;DIA DA SEMANA ANTERIOR;SEGUNDA;DIA DA SEMANA ANTERIOR;SÁBADO;SIM;DATA DO FATURAMENTO;DIA DA SEMANA ANTERIOR;SEGUNDA;DIA DA SEMANA ANTERIOR;SÁBADO
PARCEIRO FERREIRA;DISAL PARCEIROS;2º;DIA DA SEMANA;2º SEXTA DO MES;SIM;DATA DO CADASTRO (ADM);DIA DA SEMANA ANTERIOR;SEGUNDA;DIA DA SEMANA ANTERIOR;SÁBADO;SIM;DATA PAGAMENTO DO CLIENTE;DIA DA SEMANA ANTERIOR;SEGUNDA;DIA DA SEMANA ANTERIOR;SÁBADO;SIM;DATA DO FATURAMENTO;DIA DA SEMANA ANTERIOR;SEGUNDA;DIA DA SEMANA ANTERIOR;SÁBADO
PARCEIRO FERREIRA;DISAL PARCEIROS;3º;DIA DA SEMANA;3º SEXTA DO MES;SIM;DATA DO CADASTRO (ADM);DIA DA SEMANA ANTERIOR;SEGUNDA;DIA DA SEMANA ANTERIOR;SÁBADO;SIM;DATA PAGAMENTO DO CLIENTE;DIA DA SEMANA ANTERIOR;SEGUNDA;DIA DA SEMANA ANTERIOR;SÁBADO;SIM;DATA DO FATURAMENTO;DIA DA SEMANA ANTERIOR;SEGUNDA;DIA DA SEMANA ANTERIOR;SÁBADO
PARCEIRO FERREIRA;DISAL PARCEIROS;4º;DIA DA SEMANA;4º SEXTA DO MES;SIM;DATA DO CADASTRO (ADM);DIA DA SEMANA ANTERIOR;SEGUNDA;DIA DA SEMANA ANTERIOR;SÁBADO;SIM;DATA PAGAMENTO DO CLIENTE;DIA DA SEMANA ANTERIOR;SEGUNDA;DIA DA SEMANA ANTERIOR;SÁBADO;SIM;DATA DO FATURAMENTO;DIA DA SEMANA ANTERIOR;SEGUNDA;DIA DA SEMANA ANTERIOR;SÁBADO
PARCEIRO FERREIRA;DISAL PARCEIROS;5º;DIA DA SEMANA;5º SEXTA DO MES;SIM;DATA DO CADASTRO (ADM);DIA DA SEMANA ANTERIOR;SEGUNDA;DIA DA SEMANA ANTERIOR;SÁBADO;SIM;DATA PAGAMENTO DO CLIENTE;DIA DA SEMANA ANTERIOR;SEGUNDA;DIA DA SEMANA ANTERIOR;SÁBADO;SIM;DATA PAGAMENTO DO CLIENTE;DIA DA SEMANA ANTERIOR;SEGUNDA;DIA DA SEMANA ANTERIOR;SÁBADO
PARCEIRO FERREIRA;RENAULT / NISSAN;1º;DIA DA SEMANA;1º SEXTA DO MES;SIM;DATA DO CADASTRO (ADM);DIA DA SEMANA ANTERIOR;SEGUNDA;DIA DA SEMANA ANTERIOR;SÁBADO;SIM;DATA PAGAMENTO DO CLIENTE;DIA DA SEMANA ANTERIOR;SEGUNDA;DIA DA SEMANA ANTERIOR;SÁBADO;SIM;DATA DO FATURAMENTO;DIA DA SEMANA ANTERIOR;SEGUNDA;DIA DA SEMANA ANTERIOR;SÁBADO
PARCEIRO FERREIRA;RENAULT / NISSAN;2º;DIA DA SEMANA;2º SEXTA DO MES;SIM;DATA DO CADASTRO (ADM);DIA DA SEMANA ANTERIOR;SEGUNDA;DIA DA SEMANA ANTERIOR;SÁBADO;SIM;DATA PAGAMENTO DO CLIENTE;DIA DA SEMANA ANTERIOR;SEGUNDA;DIA DA SEMANA ANTERIOR;SÁBADO;SIM;DATA DO FATURAMENTO;DIA DA SEMANA ANTERIOR;SEGUNDA;DIA DA SEMANA ANTERIOR;SÁBADO
PARCEIRO FERREIRA;RENAULT / NISSAN;3º;DIA DA SEMANA;3º SEXTA DO MES;SIM;DATA DO CADASTRO (ADM);DIA DA SEMANA ANTERIOR;SEGUNDA;DIA DA SEMANA ANTERIOR;SÁBADO;SIM;DATA PAGAMENTO DO CLIENTE;DIA DA SEMANA ANTERIOR;SEGUNDA;DIA DA SEMANA ANTERIOR;SÁBADO;SIM;DATA DO FATURAMENTO;DIA DA SEMANA ANTERIOR;SEGUNDA;DIA DA SEMANA ANTERIOR;SÁBADO
PARCEIRO FERREIRA;RENAULT / NISSAN;4º;DIA DA SEMANA;4º SEXTA DO MES;SIM;DATA DO CADASTRO (ADM);DIA DA SEMANA ANTERIOR;SEGUNDA;DIA DA SEMANA ANTERIOR;SÁBADO;SIM;DATA PAGAMENTO DO CLIENTE;DIA DA SEMANA ANTERIOR;SEGUNDA;DIA DA SEMANA ANTERIOR;SÁBADO;SIM;DATA DO FATURAMENTO;DIA DA SEMANA ANTERIOR;SEGUNDA;DIA DA SEMANA ANTERIOR;SÁBADO
PARCEIRO FERREIRA;RENAULT / NISSAN;5º;DIA DA SEMANA;5º SEXTA DO MES;SIM;DATA DO CADASTRO (ADM);DIA DA SEMANA ANTERIOR;SEGUNDA;DIA DA SEMANA ANTERIOR;SÁBADO;SIM;DATA PAGAMENTO DO CLIENTE;DIA DA SEMANA ANTERIOR;SEGUNDA;DIA DA SEMANA ANTERIOR;SÁBADO;SIM;DATA DO FATURAMENTO;DIA DA SEMANA ANTERIOR;SEGUNDA;DIA DA SEMANA ANTERIOR;SÁBADO
PARCEIRO TIPO DN A PARTIR 19-07-2018;DISAL PARCEIROS;1º;DIA DA SEMANA;1º SEXTA DO MES;SIM;DATA DO CADASTRO (ADM);DIA DA SEMANA ANTERIOR;DOMINGO;DIA DA SEMANA ANTERIOR;SÁBADO;SIM;DATA PAGAMENTO DO CLIENTE;DIA DA SEMANA ANTERIOR;DOMINGO;DIA DA SEMANA ANTERIOR;SÁBADO;SIM;DATA DO FATURAMENTO;DIA DA SEMANA ANTERIOR;DOMINGO;DIA DA SEMANA ANTERIOR;SÁBADO
PARCEIRO TIPO DN A PARTIR 19-07-2018;DISAL PARCEIROS;2º;DIA DA SEMANA;2º SEXTA DO MES;SIM;DATA DO CADASTRO (ADM);DIA DA SEMANA ANTERIOR;DOMINGO;DIA DA SEMANA ANTERIOR;SÁBADO;SIM;DATA PAGAMENTO DO CLIENTE;DIA DA SEMANA ANTERIOR;DOMINGO;DIA DA SEMANA ANTERIOR;SÁBADO;SIM;DATA DO FATURAMENTO;DIA DA SEMANA ANTERIOR;DOMINGO;DIA DA SEMANA ANTERIOR;SÁBADO
PARCEIRO TIPO DN A PARTIR 19-07-2018;DISAL PARCEIROS;3º;DIA DA SEMANA;3º SEXTA DO MES;SIM;DATA DO CADASTRO (ADM);DIA DA SEMANA ANTERIOR;DOMINGO;DIA DA SEMANA ANTERIOR;SÁBADO;SIM;DATA PAGAMENTO DO CLIENTE;DIA DA SEMANA ANTERIOR;DOMINGO;DIA DA SEMANA ANTERIOR;SÁBADO;SIM;DATA DO FATURAMENTO;DIA DA SEMANA ANTERIOR;DOMINGO;DIA DA SEMANA ANTERIOR;SÁBADO
PARCEIRO TIPO DN A PARTIR 19-07-2018;DISAL PARCEIROS;4º;DIA DA SEMANA;4º SEXTA DO MES;SIM;DATA DO CADASTRO (ADM);DIA DA SEMANA ANTERIOR;DOMINGO;DIA DA SEMANA ANTERIOR;SÁBADO;SIM;DATA PAGAMENTO DO CLIENTE;DIA DA SEMANA ANTERIOR;DOMINGO;DIA DA SEMANA ANTERIOR;SÁBADO;SIM;DATA DO FATURAMENTO;DIA DA SEMANA ANTERIOR;DOMINGO;DIA DA SEMANA ANTERIOR;SÁBADO
PARCEIRO TIPO DN A PARTIR 19-07-2018;DISAL PARCEIROS;5º;DIA DA SEMANA;5º SEXTA DO MES;SIM;DATA DO CADASTRO (ADM);DIA DA SEMANA ANTERIOR;DOMINGO;DIA DA SEMANA ANTERIOR;SÁBADO;SIM;DATA PAGAMENTO DO CLIENTE;DIA DA SEMANA ANTERIOR;DOMINGO;DIA DA SEMANA ANTERIOR;SÁBADO;SIM;DATA DO FATURAMENTO;DIA DA SEMANA ANTERIOR;DOMINGO;DIA DA SEMANA ANTERIOR;SÁBADO
PARCEIROS EMPRESA - CONTRATOS A PARTIR JAN-2018;DISAL PARCEIROS;1º;DIA DA SEMANA;1º SEXTA DO MES;SIM;DATA DO CADASTRO (ADM);DIA DA SEMANA ANTERIOR;DOMINGO;DIA DA SEMANA ANTERIOR;SÁBADO;SIM;DATA PAGAMENTO DO CLIENTE;DIA DA SEMANA ANTERIOR;DOMINGO;DIA DA SEMANA ANTERIOR;SÁBADO;SIM;DATA DO FATURAMENTO;DIA DA SEMANA ANTERIOR;DOMINGO;DIA DA SEMANA ANTERIOR;SÁBADO
PARCEIROS EMPRESA - CONTRATOS A PARTIR JAN-2018;DISAL PARCEIROS;2º;DIA DA SEMANA;2º SEXTA DO MES;SIM;DATA DO CADASTRO (ADM);DIA DA SEMANA ANTERIOR;DOMINGO;DIA DA SEMANA ANTERIOR;SÁBADO;SIM;DATA PAGAMENTO DO CLIENTE;DIA DA SEMANA ANTERIOR;DOMINGO;DIA DA SEMANA ANTERIOR;SÁBADO;SIM;DATA DO FATURAMENTO;DIA DA SEMANA ANTERIOR;DOMINGO;DIA DA SEMANA ANTERIOR;SÁBADO
PARCEIROS EMPRESA - CONTRATOS A PARTIR JAN-2018;DISAL PARCEIROS;3º;DIA DA SEMANA;3º SEXTA DO MES;SIM;DATA DO CADASTRO (ADM);DIA DA SEMANA ANTERIOR;DOMINGO;DIA DA SEMANA ANTERIOR;SÁBADO;SIM;DATA PAGAMENTO DO CLIENTE;DIA DA SEMANA ANTERIOR;DOMINGO;DIA DA SEMANA ANTERIOR;SÁBADO;SIM;DATA DO FATURAMENTO;DIA DA SEMANA ANTERIOR;DOMINGO;DIA DA SEMANA ANTERIOR;SÁBADO
PARCEIROS EMPRESA - CONTRATOS A PARTIR JAN-2018;DISAL PARCEIROS;4º;DIA DA SEMANA;4º SEXTA DO MES;SIM;DATA DO CADASTRO (ADM);DIA DA SEMANA ANTERIOR;DOMINGO;DIA DA SEMANA ANTERIOR;SÁBADO;SIM;DATA PAGAMENTO DO CLIENTE;DIA DA SEMANA ANTERIOR;DOMINGO;DIA DA SEMANA ANTERIOR;SÁBADO;SIM;DATA DO FATURAMENTO;DIA DA SEMANA ANTERIOR;DOMINGO;DIA DA SEMANA ANTERIOR;SÁBADO
PARCEIROS EMPRESA - CONTRATOS A PARTIR JAN-2018;DISAL PARCEIROS;5º;DIA DA SEMANA;5º SEXTA DO MES;SIM;DATA DO CADASTRO (ADM);DIA DA SEMANA ANTERIOR;DOMINGO;DIA DA SEMANA ANTERIOR;SÁBADO;SIM;DATA PAGAMENTO DO CLIENTE;DIA DA SEMANA ANTERIOR;DOMINGO;DIA DA SEMANA ANTERIOR;SÁBADO;SIM;DATA DO FATURAMENTO;DIA DA SEMANA ANTERIOR;DOMINGO;DIA DA SEMANA ANTERIOR;SÁBADO
PARCEIROS EMPRESAS - CONTRATO ATÉ DEZ-2017;DISAL PARCEIROS;1º;DIA DA SEMANA;1º SEXTA DO MES;SIM;DATA DO CADASTRO (ADM);DIA DA SEMANA ANTERIOR;DOMINGO;DIA DA SEMANA ANTERIOR;SÁBADO;SIM;DATA PAGAMENTO DO CLIENTE;DIA DA SEMANA ANTERIOR;DOMINGO;DIA DA SEMANA ANTERIOR;SÁBADO;SIM;DATA DO FATURAMENTO;DIA DA SEMANA ANTERIOR;DOMINGO;DIA DA SEMANA ANTERIOR;SÁBADO
PARCEIROS EMPRESAS - CONTRATO ATÉ DEZ-2017;DISAL PARCEIROS;2º;DIA DA SEMANA;2º SEXTA DO MES;SIM;DATA DO CADASTRO (ADM);DIA DA SEMANA ANTERIOR;DOMINGO;DIA DA SEMANA ANTERIOR;SÁBADO;SIM;DATA PAGAMENTO DO CLIENTE;DIA DA SEMANA ANTERIOR;DOMINGO;DIA DA SEMANA ANTERIOR;SÁBADO;SIM;DATA DO FATURAMENTO;DIA DA SEMANA ANTERIOR;DOMINGO;DIA DA SEMANA ANTERIOR;SÁBADO
PARCEIROS EMPRESAS - CONTRATO ATÉ DEZ-2017;DISAL PARCEIROS;3º;DIA DA SEMANA;3º SEXTA DO MES;SIM;DATA DO CADASTRO (ADM);DIA DA SEMANA ANTERIOR;DOMINGO;DIA DA SEMANA ANTERIOR;SÁBADO;SIM;DATA PAGAMENTO DO CLIENTE;DIA DA SEMANA ANTERIOR;DOMINGO;DIA DA SEMANA ANTERIOR;SÁBADO;SIM;DATA DO FATURAMENTO;DIA DA SEMANA ANTERIOR;DOMINGO;DIA DA SEMANA ANTERIOR;SÁBADO
PARCEIROS EMPRESAS - CONTRATO ATÉ DEZ-2017;DISAL PARCEIROS;4º;DIA DA SEMANA;4º SEXTA DO MES;SIM;DATA DO CADASTRO (ADM);DIA DA SEMANA ANTERIOR;DOMINGO;DIA DA SEMANA ANTERIOR;SÁBADO;SIM;DATA PAGAMENTO DO CLIENTE;DIA DA SEMANA ANTERIOR;DOMINGO;DIA DA SEMANA ANTERIOR;SÁBADO;SIM;DATA DO FATURAMENTO;DIA DA SEMANA ANTERIOR;DOMINGO;DIA DA SEMANA ANTERIOR;SÁBADO
PARCEIROS EMPRESAS - CONTRATO ATÉ DEZ-2017;DISAL PARCEIROS;5º;DIA DA SEMANA;5º SEXTA DO MES;SIM;DATA DO CADASTRO (ADM);DIA DA SEMANA ANTERIOR;DOMINGO;DIA DA SEMANA ANTERIOR;SÁBADO;SIM;DATA PAGAMENTO DO CLIENTE;DIA DA SEMANA ANTERIOR;DOMINGO;DIA DA SEMANA ANTERIOR;SÁBADO;SIM;DATA DO FATURAMENTO;DIA DA SEMANA ANTERIOR;DOMINGO;DIA DA SEMANA ANTERIOR;SÁBADO
REPRESENTANTE - COM CONSULTOR;DISAL PARCEIROS;1º;DIA DA SEMANA;1º SEXTA DO MES;SIM;DATA DO CADASTRO (ADM);DIA DA SEMANA ANTERIOR;SEGUNDA;DIA DA SEMANA ANTERIOR;SÁBADO;SIM;DATA PAGAMENTO DO CLIENTE;DIA DA SEMANA ANTERIOR;SEGUNDA;DIA DA SEMANA ANTERIOR;SÁBADO;SIM;DATA DO FATURAMENTO;DIA DA SEMANA ANTERIOR;SEGUNDA;DIA DA SEMANA ANTERIOR;SÁBADO
REPRESENTANTE - COM CONSULTOR;DISAL PARCEIROS;2º;DIA DA SEMANA;2º SEXTA DO MES;SIM;DATA DO CADASTRO (ADM);DIA DA SEMANA ANTERIOR;SEGUNDA;DIA DA SEMANA ANTERIOR;SÁBADO;SIM;DATA PAGAMENTO DO CLIENTE;DIA DA SEMANA ANTERIOR;SEGUNDA;DIA DA SEMANA ANTERIOR;SÁBADO;SIM;DATA DO FATURAMENTO;DIA DA SEMANA ANTERIOR;SEGUNDA;DIA DA SEMANA ANTERIOR;SÁBADO
REPRESENTANTE - COM CONSULTOR;DISAL PARCEIROS;3º;DIA DA SEMANA;3º SEXTA DO MES;SIM;DATA DO CADASTRO (ADM);DIA DA SEMANA ANTERIOR;SEGUNDA;DIA DA SEMANA ANTERIOR;SÁBADO;SIM;DATA PAGAMENTO DO CLIENTE;DIA DA SEMANA ANTERIOR;SEGUNDA;DIA DA SEMANA ANTERIOR;SÁBADO;SIM;DATA DO FATURAMENTO;DIA DA SEMANA ANTERIOR;SEGUNDA;DIA DA SEMANA ANTERIOR;SÁBADO
REPRESENTANTE - COM CONSULTOR;DISAL PARCEIROS;4º;DIA DA SEMANA;4º SEXTA DO MES;SIM;DATA DO CADASTRO (ADM);DIA DA SEMANA ANTERIOR;SEGUNDA;DIA DA SEMANA ANTERIOR;SÁBADO;SIM;DATA PAGAMENTO DO CLIENTE;DIA DA SEMANA ANTERIOR;SEGUNDA;DIA DA SEMANA ANTERIOR;SÁBADO;SIM;DATA DO FATURAMENTO;DIA DA SEMANA ANTERIOR;SEGUNDA;DIA DA SEMANA ANTERIOR;SÁBADO
REPRESENTANTE - COM CONSULTOR;DISAL PARCEIROS;5º;DIA DA SEMANA;5º SEXTA DO MES;SIM;DATA DO CADASTRO (ADM);DIA DA SEMANA ANTERIOR;SEGUNDA;DIA DA SEMANA ANTERIOR;SÁBADO;SIM;DATA PAGAMENTO DO CLIENTE;DIA DA SEMANA ANTERIOR;SEGUNDA;DIA DA SEMANA ANTERIOR;SÁBADO;SIM;DATA DO FATURAMENTO;DIA DA SEMANA ANTERIOR;SEGUNDA;DIA DA SEMANA ANTERIOR;SÁBADO
REPRESENTANTE DN - 2023;DISAL PARCEIROS;1º;DIA DA SEMANA;1º SEXTA DO MES;SIM;DATA DO CADASTRO (ADM);DIA DA SEMANA ANTERIOR;SEGUNDA;DIA DA SEMANA ANTERIOR;SÁBADO;SIM;DATA PAGAMENTO DO CLIENTE;DIA DA SEMANA ANTERIOR;SEGUNDA;DIA DA SEMANA ANTERIOR;SÁBADO;SIM;DATA DO FATURAMENTO;DIA DA SEMANA ANTERIOR;SEGUNDA;DIA DA SEMANA ANTERIOR;SÁBADO
REPRESENTANTE DN - 2023;DISAL PARCEIROS;2º;DIA DA SEMANA;2º SEXTA DO MES;SIM;DATA DO CADASTRO (ADM);DIA DA SEMANA ANTERIOR;SEGUNDA;DIA DA SEMANA ANTERIOR;SÁBADO;SIM;DATA PAGAMENTO DO CLIENTE;DIA DA SEMANA ANTERIOR;SEGUNDA;DIA DA SEMANA ANTERIOR;SÁBADO;SIM;DATA DO FATURAMENTO;DIA DA SEMANA ANTERIOR;SEGUNDA;DIA DA SEMANA ANTERIOR;SÁBADO
REPRESENTANTE DN - 2023;DISAL PARCEIROS;3º;DIA DA SEMANA;3º SEXTA DO MES;SIM;DATA DO CADASTRO (ADM);DIA DA SEMANA ANTERIOR;SEGUNDA;DIA DA SEMANA ANTERIOR;SÁBADO;SIM;DATA PAGAMENTO DO CLIENTE;DIA DA SEMANA ANTERIOR;SEGUNDA;DIA DA SEMANA ANTERIOR;SÁBADO;SIM;DATA DO FATURAMENTO;DIA DA SEMANA ANTERIOR;SEGUNDA;DIA DA SEMANA ANTERIOR;SÁBADO
REPRESENTANTE DN - 2023;DISAL PARCEIROS;4º;DIA DA SEMANA;4º SEXTA DO MES;SIM;DATA DO CADASTRO (ADM);DIA DA SEMANA ANTERIOR;SEGUNDA;DIA DA SEMANA ANTERIOR;SÁBADO;SIM;DATA PAGAMENTO DO CLIENTE;DIA DA SEMANA ANTERIOR;SEGUNDA;DIA DA SEMANA ANTERIOR;SÁBADO;SIM;DATA DO FATURAMENTO;DIA DA SEMANA ANTERIOR;SEGUNDA;DIA DA SEMANA ANTERIOR;SÁBADO
REPRESENTANTE DN - 2023;DISAL PARCEIROS;5º;DIA DA SEMANA;5º SEXTA DO MES;SIM;DATA DO CADASTRO (ADM);DIA DA SEMANA ANTERIOR;SEGUNDA;DIA DA SEMANA ANTERIOR;SÁBADO;SIM;DATA PAGAMENTO DO CLIENTE;DIA DA SEMANA ANTERIOR;SEGUNDA;DIA DA SEMANA ANTERIOR;SÁBADO;SIM;DATA PAGAMENTO DO CLIENTE;DIA DA SEMANA ANTERIOR;SEGUNDA;DIA DA SEMANA ANTERIOR;SÁBADO
REPRESENTAÇÃO - EDUARDO;DISAL;1º;DIA DA SEMANA;1º SEXTA DO MES;SIM;DATA DO CADASTRO (ADM);DIA DA SEMANA ANTERIOR;DOMINGO;DIA DA SEMANA ANTERIOR;SÁBADO;SIM;DATA PAGAMENTO DO CLIENTE;DIA DA SEMANA ANTERIOR;DOMINGO;DIA DA SEMANA ANTERIOR;SÁBADO;SIM;DATA DO FATURAMENTO;DIA DA SEMANA ANTERIOR;DOMINGO;DIA DA SEMANA ANTERIOR;SÁBADO
REPRESENTAÇÃO - EDUARDO;DISAL;2º;DIA DA SEMANA;2º SEXTA DO MES;SIM;DATA DO CADASTRO (ADM);DIA DA SEMANA ANTERIOR;DOMINGO;DIA DA SEMANA ANTERIOR;SÁBADO;SIM;DATA PAGAMENTO DO CLIENTE;DIA DA SEMANA ANTERIOR;DOMINGO;DIA DA SEMANA ANTERIOR;SÁBADO;SIM;DATA DO FATURAMENTO;DIA DA SEMANA ANTERIOR;DOMINGO;DIA DA SEMANA ANTERIOR;SÁBADO
REPRESENTAÇÃO - EDUARDO;DISAL;3º;DIA DA SEMANA;3º SEXTA DO MES;SIM;DATA DO CADASTRO (ADM);DIA DA SEMANA ANTERIOR;DOMINGO;DIA DA SEMANA ANTERIOR;SÁBADO;SIM;DATA PAGAMENTO DO CLIENTE;DIA DA SEMANA ANTERIOR;DOMINGO;DIA DA SEMANA ANTERIOR;SÁBADO;SIM;DATA DO FATURAMENTO;DIA DA SEMANA ANTERIOR;DOMINGO;DIA DA SEMANA ANTERIOR;SÁBADO
REPRESENTAÇÃO - EDUARDO;DISAL;4º;DIA DA SEMANA;4º SEXTA DO MES;SIM;DATA DO CADASTRO (ADM);DIA DA SEMANA ANTERIOR;DOMINGO;DIA DA SEMANA ANTERIOR;SÁBADO;SIM;DATA PAGAMENTO DO CLIENTE;DIA DA SEMANA ANTERIOR;DOMINGO;DIA DA SEMANA ANTERIOR;SÁBADO;SIM;DATA DO FATURAMENTO;DIA DA SEMANA ANTERIOR;DOMINGO;DIA DA SEMANA ANTERIOR;SÁBADO
REPRESENTAÇÃO - EDUARDO;DISAL;5º;DIA DA SEMANA;5º SEXTA DO MES;SIM;DATA DO CADASTRO (ADM);DIA DA SEMANA ANTERIOR;DOMINGO;DIA DA SEMANA ANTERIOR;SÁBADO;SIM;DATA PAGAMENTO DO CLIENTE;DIA DA SEMANA ANTERIOR;DOMINGO;DIA DA SEMANA ANTERIOR;SÁBADO;SIM;DATA DO FATURAMENTO;DIA DA SEMANA ANTERIOR;DOMINGO;DIA DA SEMANA ANTERIOR;SÁBADO
REPRESENTAÇÃO - EDUARDO;DISAL PARCEIROS;1º;DIA DA SEMANA;1º SEXTA DO MES;SIM;DATA DO CADASTRO (ADM);DIA DA SEMANA ANTERIOR;SEGUNDA;DIA DA SEMANA ANTERIOR;SÁBADO;SIM;DATA PAGAMENTO DO CLIENTE;DIA DA SEMANA ANTERIOR;SEGUNDA;DIA DA SEMANA ANTERIOR;SÁBADO;SIM;DATA DO FATURAMENTO;DIA DA SEMANA ANTERIOR;SEGUNDA;DIA DA SEMANA ANTERIOR;SÁBADO
REPRESENTAÇÃO - EDUARDO;DISAL PARCEIROS;2º;DIA DA SEMANA;2º SEXTA DO MES;SIM;DATA DO CADASTRO (ADM);DIA DA SEMANA ANTERIOR;SEGUNDA;DIA DA SEMANA ANTERIOR;SÁBADO;SIM;DATA PAGAMENTO DO CLIENTE;DIA DA SEMANA ANTERIOR;SEGUNDA;DIA DA SEMANA ANTERIOR;SÁBADO;SIM;DATA DO FATURAMENTO;DIA DA SEMANA ANTERIOR;SEGUNDA;DIA DA SEMANA ANTERIOR;SÁBADO
REPRESENTAÇÃO - EDUARDO;DISAL PARCEIROS;3º;DIA DA SEMANA;3º SEXTA DO MES;SIM;DATA DO CADASTRO (ADM);DIA DA SEMANA ANTERIOR;SEGUNDA;DIA DA SEMANA ANTERIOR;SÁBADO;SIM;DATA PAGAMENTO DO CLIENTE;DIA DA SEMANA ANTERIOR;SEGUNDA;DIA DA SEMANA ANTERIOR;SÁBADO;SIM;DATA DO FATURAMENTO;DIA DA SEMANA ANTERIOR;SEGUNDA;DIA DA SEMANA ANTERIOR;SÁBADO
REPRESENTAÇÃO - EDUARDO;DISAL PARCEIROS;4º;DIA DA SEMANA;4º SEXTA DO MES;SIM;DATA DO CADASTRO (ADM);DIA DA SEMANA ANTERIOR;SEGUNDA;DIA DA SEMANA ANTERIOR;SÁBADO;SIM;DATA PAGAMENTO DO CLIENTE;DIA DA SEMANA ANTERIOR;SEGUNDA;DIA DA SEMANA ANTERIOR;SÁBADO;SIM;DATA DO FATURAMENTO;DIA DA SEMANA ANTERIOR;SEGUNDA;DIA DA SEMANA ANTERIOR;SÁBADO
REPRESENTAÇÃO - EDUARDO;DISAL PARCEIROS;5º;DIA DA SEMANA;5º SEXTA DO MES;SIM;DATA DO CADASTRO (ADM);DIA DA SEMANA ANTERIOR;SEGUNDA;DIA DA SEMANA ANTERIOR;SÁBADO;SIM;DATA PAGAMENTO DO CLIENTE;DIA DA SEMANA ANTERIOR;SEGUNDA;DIA DA SEMANA ANTERIOR;SÁBADO;SIM;DATA DO FATURAMENTO;DIA DA SEMANA ANTERIOR;SEGUNDA;DIA DA SEMANA ANTERIOR;SÁBADO
REPRESENTAÇÃO - EDUARDO;VOLKSWAGEN;1º;DIA DA SEMANA;1º SEXTA DO MES;SIM;DATA DO CADASTRO (ADM);DIA DA SEMANA ANTERIOR;DOMINGO;DIA DA SEMANA ANTERIOR;SÁBADO;SIM;DATA PAGAMENTO DO CLIENTE;DIA DA SEMANA ANTERIOR;DOMINGO;DIA DA SEMANA ANTERIOR;SÁBADO;SIM;DATA DO FATURAMENTO;DIA DA SEMANA ANTERIOR;DOMINGO;DIA DA SEMANA ANTERIOR;SÁBADO
REPRESENTAÇÃO - EDUARDO;VOLKSWAGEN;2º;DIA DA SEMANA;2º SEXTA DO MES;SIM;DATA DO CADASTRO (ADM);DIA DA SEMANA ANTERIOR;DOMINGO;DIA DA SEMANA ANTERIOR;SÁBADO;SIM;DATA PAGAMENTO DO CLIENTE;DIA DA SEMANA ANTERIOR;DOMINGO;DIA DA SEMANA ANTERIOR;SÁBADO;SIM;DATA DO FATURAMENTO;DIA DA SEMANA ANTERIOR;DOMINGO;DIA DA SEMANA ANTERIOR;SÁBADO
REPRESENTAÇÃO - EDUARDO;VOLKSWAGEN;3º;DIA DA SEMANA;3º SEXTA DO MES;SIM;DATA DO CADASTRO (ADM);DIA DA SEMANA ANTERIOR;DOMINGO;DIA DA SEMANA ANTERIOR;SÁBADO;SIM;DATA PAGAMENTO DO CLIENTE;DIA DA SEMANA ANTERIOR;DOMINGO;DIA DA SEMANA ANTERIOR;SÁBADO;SIM;DATA DO FATURAMENTO;DIA DA SEMANA ANTERIOR;DOMINGO;DIA DA SEMANA ANTERIOR;SÁBADO
REPRESENTAÇÃO - EDUARDO;VOLKSWAGEN;4º;DIA DA SEMANA;4º SEXTA DO MES;SIM;DATA DO CADASTRO (ADM);DIA DA SEMANA ANTERIOR;DOMINGO;DIA DA SEMANA ANTERIOR;SÁBADO;SIM;DATA PAGAMENTO DO CLIENTE;DIA DA SEMANA ANTERIOR;DOMINGO;DIA DA SEMANA ANTERIOR;SÁBADO;SIM;DATA DO FATURAMENTO;DIA DA SEMANA ANTERIOR;DOMINGO;DIA DA SEMANA ANTERIOR;SÁBADO
REPRESENTAÇÃO - EDUARDO;VOLKSWAGEN;5º;DIA DA SEMANA;5º SEXTA DO MES;SIM;DATA DO CADASTRO (ADM);DIA DA SEMANA ANTERIOR;DOMINGO;DIA DA SEMANA ANTERIOR;SÁBADO;SIM;DATA PAGAMENTO DO CLIENTE;DIA DA SEMANA ANTERIOR;DOMINGO;DIA DA SEMANA ANTERIOR;SÁBADO;SIM;DATA DO FATURAMENTO;DIA DA SEMANA ANTERIOR;DOMINGO;DIA DA SEMANA ANTERIOR;SÁBADO
REPRESENTAÇÃO - LOCARFLEX;DISAL PARCEIROS;1º;DIA DA SEMANA;1º SEXTA DO MES;SIM;DATA DO CADASTRO (ADM);DIA DA SEMANA ANTERIOR;SEGUNDA;DIA DA SEMANA ANTERIOR;SÁBADO;SIM;DATA PAGAMENTO DO CLIENTE;DIA DA SEMANA ANTERIOR;SEGUNDA;DIA DA SEMANA ANTERIOR;SÁBADO;SIM;DATA DO FATURAMENTO;DIA DA SEMANA ANTERIOR;SEGUNDA;DIA DA SEMANA ANTERIOR;SÁBADO
REPRESENTAÇÃO - LOCARFLEX;DISAL PARCEIROS;2º;DIA DA SEMANA;2º SEXTA DO MES;SIM;DATA DO CADASTRO (ADM);DIA DA SEMANA ANTERIOR;SEGUNDA;DIA DA SEMANA ANTERIOR;SÁBADO;SIM;DATA PAGAMENTO DO CLIENTE;DIA DA SEMANA ANTERIOR;SEGUNDA;DIA DA SEMANA ANTERIOR;SÁBADO;SIM;DATA DO FATURAMENTO;DIA DA SEMANA ANTERIOR;SEGUNDA;DIA DA SEMANA ANTERIOR;SÁBADO
REPRESENTAÇÃO - LOCARFLEX;DISAL PARCEIROS;3º;DIA DA SEMANA;3º SEXTA DO MES;SIM;DATA DO CADASTRO (ADM);DIA DA SEMANA ANTERIOR;SEGUNDA;DIA DA SEMANA ANTERIOR;SÁBADO;SIM;DATA PAGAMENTO DO CLIENTE;DIA DA SEMANA ANTERIOR;SEGUNDA;DIA DA SEMANA ANTERIOR;SÁBADO;SIM;DATA DO FATURAMENTO;DIA DA SEMANA ANTERIOR;SEGUNDA;DIA DA SEMANA ANTERIOR;SÁBADO
REPRESENTAÇÃO - LOCARFLEX;DISAL PARCEIROS;4º;DIA DA SEMANA;4º SEXTA DO MES;SIM;DATA DO CADASTRO (ADM);DIA DA SEMANA ANTERIOR;SEGUNDA;DIA DA SEMANA ANTERIOR;SÁBADO;SIM;DATA PAGAMENTO DO CLIENTE;DIA DA SEMANA ANTERIOR;SEGUNDA;DIA DA SEMANA ANTERIOR;SÁBADO;SIM;DATA DO FATURAMENTO;DIA DA SEMANA ANTERIOR;SEGUNDA;DIA DA SEMANA ANTERIOR;SÁBADO
REPRESENTAÇÃO - LOCARFLEX;DISAL PARCEIROS;5º;DIA DA SEMANA;5º SEXTA DO MES;SIM;DATA DO CADASTRO (ADM);DIA DA SEMANA ANTERIOR;SEGUNDA;DIA DA SEMANA ANTERIOR;SÁBADO;SIM;DATA PAGAMENTO DO CLIENTE;DIA DA SEMANA ANTERIOR;SEGUNDA;DIA DA SEMANA ANTERIOR;SÁBADO;SIM;DATA DO FATURAMENTO;DIA DA SEMANA ANTERIOR;SEGUNDA;DIA DA SEMANA ANTERIOR;SÁBADO
REPRESENTAÇÃO - LOCARFLEX;VOLKSWAGEN;1º;DIA DA SEMANA;1º SEXTA DO MES;SIM;DATA DO CADASTRO (ADM);DIA DA SEMANA ANTERIOR;DOMINGO;DIA DA SEMANA ANTERIOR;SÁBADO;SIM;DATA PAGAMENTO DO CLIENTE;DIA DA SEMANA ANTERIOR;DOMINGO;DIA DA SEMANA ANTERIOR;SÁBADO;SIM;DATA DO FATURAMENTO;DIA DA SEMANA ANTERIOR;DOMINGO;DIA DA SEMANA ANTERIOR;SÁBADO
REPRESENTAÇÃO - LOCARFLEX;VOLKSWAGEN;2º;DIA DA SEMANA;2º SEXTA DO MES;SIM;DATA DO CADASTRO (ADM);DIA DA SEMANA ANTERIOR;DOMINGO;DIA DA SEMANA ANTERIOR;SÁBADO;SIM;DATA PAGAMENTO DO CLIENTE;DIA DA SEMANA ANTERIOR;DOMINGO;DIA DA SEMANA ANTERIOR;SÁBADO;SIM;DATA DO FATURAMENTO;DIA DA SEMANA ANTERIOR;DOMINGO;DIA DA SEMANA ANTERIOR;SÁBADO
REPRESENTAÇÃO - LOCARFLEX;VOLKSWAGEN;3º;DIA DA SEMANA;3º SEXTA DO MES;SIM;DATA DO CADASTRO (ADM);DIA DA SEMANA ANTERIOR;DOMINGO;DIA DA SEMANA ANTERIOR;SÁBADO;SIM;DATA PAGAMENTO DO CLIENTE;DIA DA SEMANA ANTERIOR;DOMINGO;DIA DA SEMANA ANTERIOR;SÁBADO;SIM;DATA DO FATURAMENTO;DIA DA SEMANA ANTERIOR;DOMINGO;DIA DA SEMANA ANTERIOR;SÁBADO
REPRESENTAÇÃO - LOCARFLEX;VOLKSWAGEN;4º;DIA DA SEMANA;4º SEXTA DO MES;SIM;DATA DO CADASTRO (ADM);DIA DA SEMANA ANTERIOR;DOMINGO;DIA DA SEMANA ANTERIOR;SÁBADO;SIM;DATA PAGAMENTO DO CLIENTE;DIA DA SEMANA ANTERIOR;DOMINGO;DIA DA SEMANA ANTERIOR;SÁBADO;SIM;DATA DO FATURAMENTO;DIA DA SEMANA ANTERIOR;DOMINGO;DIA DA SEMANA ANTERIOR;SÁBADO
REPRESENTAÇÃO - LOCARFLEX;VOLKSWAGEN;5º;DIA DA SEMANA;5º SEXTA DO MES;SIM;DATA DO CADASTRO (ADM);DIA DA SEMANA ANTERIOR;DOMINGO;DIA DA SEMANA ANTERIOR;SÁBADO;SIM;DATA PAGAMENTO DO CLIENTE;DIA DA SEMANA ANTERIOR;DOMINGO;DIA DA SEMANA ANTERIOR;SÁBADO;SIM;DATA DO FATURAMENTO;DIA DA SEMANA ANTERIOR;DOMINGO;DIA DA SEMANA ANTERIOR;SÁBADO
SUPERVISOR CLT - INSIDE SALES;DISAL;1º 2º 3º 4º 5º;POR ATA;False;SIM;DATA ENTREGA VENDA;POR ATA ANTERIOR;INÍCIO;POR ATA ANTERIOR;FINAL;SIM;DATA PAGAMENTO DO CLIENTE;POR ATA ANTERIOR;INÍCIO;POR ATA ANTERIOR;FINAL;NÃO;False;DIA ÚTIL;False;DIA ÚTIL;False
SUPERVISOR CLT - INSIDE SALES;VOLKSWAGEN;1º 2º 3º 4º 5º;POR ATA;False;SIM;DATA ENTREGA VENDA;POR ATA ANTERIOR;INÍCIO;POR ATA ANTERIOR;FINAL;SIM;DATA PAGAMENTO DO CLIENTE;POR ATA ANTERIOR;INÍCIO;POR ATA ANTERIOR;FINAL;NÃO;False;DIA ÚTIL;False;DIA ÚTIL;False
SUPERVISOR EQUIPE CLT - JUNIOR A PARTIR DE 19/06/2018 ;DISAL;1º 2º 3º 4º 5º;POR ATA;False;SIM;DATA ENTREGA VENDA;POR ATA ANTERIOR;INÍCIO;POR ATA ANTERIOR;FINAL;SIM;DATA PAGAMENTO DO CLIENTE;POR ATA ANTERIOR;INÍCIO;POR ATA ANTERIOR;FINAL;NÃO;False;DIA ÚTIL;False;DIA ÚTIL;False
SUPERVISOR EQUIPE CLT - JUNIOR A PARTIR DE 19/06/2018 ;GM - CHEVROLET;1º 2º 3º 4º 5º;POR ATA;False;SIM;DATA ENTREGA VENDA;POR ATA ANTERIOR;INÍCIO;POR ATA ANTERIOR;FINAL;SIM;DATA PAGAMENTO DO CLIENTE;POR ATA ANTERIOR;INÍCIO;POR ATA ANTERIOR;FINAL;NÃO;False;DIA ÚTIL;False;DIA ÚTIL;False
SUPERVISOR EQUIPE CLT - JUNIOR A PARTIR DE 19/06/2018 ;RENAULT / NISSAN;1º 2º 3º 4º 5º;POR ATA;False;SIM;DATA ENTREGA VENDA;POR ATA ANTERIOR;INÍCIO;POR ATA ANTERIOR;FINAL;SIM;DATA PAGAMENTO DO CLIENTE;POR ATA ANTERIOR;INÍCIO;POR ATA ANTERIOR;FINAL;NÃO;False;DIA ÚTIL;False;DIA ÚTIL;False
SUPERVISOR EQUIPE CLT - JUNIOR A PARTIR DE 19/06/2018 ;VOLKSWAGEN;1º 2º 3º 4º 5º;POR ATA;False;SIM;DATA ENTREGA VENDA;POR ATA ANTERIOR;INÍCIO;POR ATA ANTERIOR;FINAL;SIM;DATA PAGAMENTO DO CLIENTE;POR ATA ANTERIOR;INÍCIO;POR ATA ANTERIOR;FINAL;NÃO;False;DIA ÚTIL;False;DIA ÚTIL;False
SUPERVISOR EQUIPE CLT - PLENO ATE DEZ 2017;DISAL;1º 2º 3º 4º 5º;POR ATA;False;SIM;DATA ENTREGA VENDA;POR ATA ANTERIOR;INÍCIO;POR ATA ANTERIOR;FINAL;SIM;DATA PAGAMENTO DO CLIENTE;POR ATA ANTERIOR;INÍCIO;POR ATA ANTERIOR;FINAL;NÃO;False;DIA ÚTIL;False;DIA ÚTIL;False
SUPERVISOR EQUIPE CLT - PLENO ATE DEZ 2017;GM - CHEVROLET;1º 2º 3º 4º 5º;POR ATA;False;SIM;DATA ENTREGA VENDA;POR ATA ANTERIOR;INÍCIO;POR ATA ANTERIOR;FINAL;SIM;DATA PAGAMENTO DO CLIENTE;POR ATA ANTERIOR;INÍCIO;POR ATA ANTERIOR;FINAL;NÃO;False;DIA ÚTIL;False;DIA ÚTIL;False
SUPERVISOR EQUIPE CLT - PLENO ATE DEZ 2017;RENAULT / NISSAN;1º 2º 3º 4º 5º;POR ATA;False;SIM;DATA ENTREGA VENDA;POR ATA ANTERIOR;INÍCIO;POR ATA ANTERIOR;FINAL;SIM;DATA PAGAMENTO DO CLIENTE;POR ATA ANTERIOR;INÍCIO;POR ATA ANTERIOR;FINAL;NÃO;False;DIA ÚTIL;False;DIA ÚTIL;False
SUPERVISOR EQUIPE CLT - PLENO ATE DEZ 2017;VOLKSWAGEN;1º 2º 3º 4º 5º;POR ATA;False;SIM;DATA ENTREGA VENDA;POR ATA ANTERIOR;INÍCIO;POR ATA ANTERIOR;FINAL;SIM;DATA PAGAMENTO DO CLIENTE;POR ATA ANTERIOR;INÍCIO;POR ATA ANTERIOR;FINAL;NÃO;False;DIA ÚTIL;False;DIA ÚTIL;False
SUPERVISOR TELL;DISAL;1º 2º 3º 4º 5º;DIA ÚTIL;5º DIA ÚTIL;SIM;DATA DO CADASTRO (ADM);DIA CORRIDO MÊS ANTERIOR;1;DIA CORRIDO MÊS ANTERIOR;31;SIM;DATA PAGAMENTO DO CLIENTE;DIA CORRIDO MÊS ANTERIOR;1;DIA CORRIDO MÊS ANTERIOR;31;NÃO;False;DIA ÚTIL;False;DIA ÚTIL;False
TIPO DN 2 - JUNHO2021;DISAL PARCEIROS;1º;DIA DA SEMANA;1º SEXTA DO MES;SIM;DATA DO CADASTRO (ADM);DIA DA SEMANA ANTERIOR;SEGUNDA;DIA DA SEMANA ANTERIOR;SÁBADO;SIM;DATA PAGAMENTO DO CLIENTE;DIA DA SEMANA ANTERIOR;SEGUNDA;DIA DA SEMANA ANTERIOR;SÁBADO;SIM;DATA DO FATURAMENTO;DIA DA SEMANA ANTERIOR;SEGUNDA;DIA DA SEMANA ANTERIOR;SÁBADO
TIPO DN 2 - JUNHO2021;DISAL PARCEIROS;2º;DIA DA SEMANA;2º SEXTA DO MES;SIM;DATA DO CADASTRO (ADM);DIA DA SEMANA ANTERIOR;SEGUNDA;DIA DA SEMANA ANTERIOR;SÁBADO;SIM;DATA PAGAMENTO DO CLIENTE;DIA DA SEMANA ANTERIOR;SEGUNDA;DIA DA SEMANA ANTERIOR;SÁBADO;SIM;DATA DO FATURAMENTO;DIA DA SEMANA ANTERIOR;SEGUNDA;DIA DA SEMANA ANTERIOR;SÁBADO
TIPO DN 2 - JUNHO2021;DISAL PARCEIROS;3º;DIA DA SEMANA;3º SEXTA DO MES;SIM;DATA DO CADASTRO (ADM);DIA DA SEMANA ANTERIOR;SEGUNDA;DIA DA SEMANA ANTERIOR;SÁBADO;SIM;DATA PAGAMENTO DO CLIENTE;DIA DA SEMANA ANTERIOR;SEGUNDA;DIA DA SEMANA ANTERIOR;SÁBADO;SIM;DATA DO FATURAMENTO;DIA DA SEMANA ANTERIOR;SEGUNDA;DIA DA SEMANA ANTERIOR;SÁBADO
TIPO DN 2 - JUNHO2021;DISAL PARCEIROS;4º;DIA DA SEMANA;4º SEXTA DO MES;SIM;DATA DO CADASTRO (ADM);DIA DA SEMANA ANTERIOR;SEGUNDA;DIA DA SEMANA ANTERIOR;SÁBADO;SIM;DATA PAGAMENTO DO CLIENTE;DIA DA SEMANA ANTERIOR;SEGUNDA;DIA DA SEMANA ANTERIOR;SÁBADO;SIM;DATA DO FATURAMENTO;DIA DA SEMANA ANTERIOR;SEGUNDA;DIA DA SEMANA ANTERIOR;SÁBADO
TIPO DN 2 - JUNHO2021;DISAL PARCEIROS;5º;DIA DA SEMANA;5º SEXTA DO MES;SIM;DATA DO CADASTRO (ADM);DIA DA SEMANA ANTERIOR;SEGUNDA;DIA DA SEMANA ANTERIOR;SÁBADO;SIM;DATA PAGAMENTO DO CLIENTE;DIA DA SEMANA ANTERIOR;SEGUNDA;DIA DA SEMANA ANTERIOR;SÁBADO;SIM;DATA DO FATURAMENTO;DIA DA SEMANA ANTERIOR;SEGUNDA;DIA DA SEMANA ANTERIOR;SÁBADO
VENDEDOR DE PARCEIRO - DEZ/17;DISAL PARCEIROS;1º;DIA DA SEMANA;1º SEXTA DO MES;SIM;DATA DO CADASTRO (ADM);DIA DA SEMANA ANTERIOR;SEGUNDA;DIA DA SEMANA ANTERIOR;SÁBADO;SIM;DATA PAGAMENTO DO CLIENTE;DIA DA SEMANA ANTERIOR;SEGUNDA;DIA DA SEMANA ANTERIOR;SÁBADO;SIM;DATA DO FATURAMENTO;DIA DA SEMANA ANTERIOR;SEGUNDA;DIA DA SEMANA ANTERIOR;SÁBADO
VENDEDOR DE PARCEIRO - DEZ/17;DISAL PARCEIROS;2º;DIA DA SEMANA;2º SEXTA DO MES;SIM;DATA DO CADASTRO (ADM);DIA DA SEMANA ANTERIOR;SEGUNDA;DIA DA SEMANA ANTERIOR;SÁBADO;SIM;DATA PAGAMENTO DO CLIENTE;DIA DA SEMANA ANTERIOR;DOMINGO;DIA DA SEMANA ANTERIOR;SÁBADO;SIM;DATA DO FATURAMENTO;DIA DA SEMANA ANTERIOR;SEGUNDA;DIA DA SEMANA ANTERIOR;SÁBADO
VENDEDOR DE PARCEIRO - DEZ/17;DISAL PARCEIROS;3º;DIA DA SEMANA;3º SEXTA DO MES;SIM;DATA DO CADASTRO (ADM);DIA DA SEMANA ANTERIOR;SEGUNDA;DIA DA SEMANA ANTERIOR;SÁBADO;SIM;DATA PAGAMENTO DO CLIENTE;DIA DA SEMANA ANTERIOR;SEGUNDA;DIA DA SEMANA ANTERIOR;SÁBADO;SIM;DATA DO FATURAMENTO;DIA DA SEMANA ANTERIOR;SEGUNDA;DIA DA SEMANA ANTERIOR;SÁBADO
VENDEDOR DE PARCEIRO - DEZ/17;DISAL PARCEIROS;4º;DIA DA SEMANA;4º SEXTA DO MES;SIM;DATA DO CADASTRO (ADM);DIA DA SEMANA ANTERIOR;SEGUNDA;DIA DA SEMANA ANTERIOR;SÁBADO;SIM;DATA PAGAMENTO DO CLIENTE;DIA DA SEMANA ANTERIOR;SEGUNDA;DIA DA SEMANA ANTERIOR;SÁBADO;SIM;DATA DO FATURAMENTO;DIA DA SEMANA ANTERIOR;SEGUNDA;DIA DA SEMANA ANTERIOR;SÁBADO
VENDEDOR DE PARCEIRO - DEZ/17;DISAL PARCEIROS;5º;DIA DA SEMANA;5º SEXTA DO MES;SIM;DATA DO CADASTRO (ADM);DIA DA SEMANA ANTERIOR;SEGUNDA;DIA DA SEMANA ANTERIOR;SÁBADO;SIM;DATA PAGAMENTO DO CLIENTE;DIA DA SEMANA ANTERIOR;SEGUNDA;DIA DA SEMANA ANTERIOR;SÁBADO;SIM;DATA DO FATURAMENTO;DIA DA SEMANA ANTERIOR;SEGUNDA;DIA DA SEMANA ANTERIOR;SÁBADO
VENDEDOR DE PARCEIRO - JAN/2018;DISAL PARCEIROS;1º;DIA DA SEMANA;1º SEXTA DO MES;SIM;DATA DO CADASTRO (ADM);DIA DA SEMANA ANTERIOR;DOMINGO;DIA DA SEMANA ANTERIOR;SÁBADO;SIM;DATA PAGAMENTO DO CLIENTE;DIA DA SEMANA ANTERIOR;DOMINGO;DIA DA SEMANA ANTERIOR;SÁBADO;SIM;DATA DO FATURAMENTO;DIA DA SEMANA ANTERIOR;DOMINGO;DIA DA SEMANA ANTERIOR;SÁBADO
VENDEDOR DE PARCEIRO - JAN/2018;DISAL PARCEIROS;2º;DIA DA SEMANA;2º SEXTA DO MES;SIM;DATA DO CADASTRO (ADM);DIA DA SEMANA ANTERIOR;DOMINGO;DIA DA SEMANA ANTERIOR;SÁBADO;SIM;DATA PAGAMENTO DO CLIENTE;DIA DA SEMANA ANTERIOR;DOMINGO;DIA DA SEMANA ANTERIOR;SÁBADO;SIM;DATA DO FATURAMENTO;DIA DA SEMANA ANTERIOR;DOMINGO;DIA DA SEMANA ANTERIOR;SÁBADO
VENDEDOR DE PARCEIRO - JAN/2018;DISAL PARCEIROS;3º;DIA DA SEMANA;3º SEXTA DO MES;SIM;DATA DO CADASTRO (ADM);DIA DA SEMANA ANTERIOR;DOMINGO;DIA DA SEMANA ANTERIOR;SÁBADO;SIM;DATA PAGAMENTO DO CLIENTE;DIA DA SEMANA ANTERIOR;DOMINGO;DIA DA SEMANA ANTERIOR;SÁBADO;SIM;DATA DO FATURAMENTO;DIA DA SEMANA ANTERIOR;DOMINGO;DIA DA SEMANA ANTERIOR;SÁBADO
VENDEDOR DE PARCEIRO - JAN/2018;DISAL PARCEIROS;4º;DIA DA SEMANA;4º SEXTA DO MES;SIM;DATA DO CADASTRO (ADM);DIA DA SEMANA ANTERIOR;DOMINGO;DIA DA SEMANA ANTERIOR;SÁBADO;SIM;DATA PAGAMENTO DO CLIENTE;DIA DA SEMANA ANTERIOR;DOMINGO;DIA DA SEMANA ANTERIOR;SÁBADO;SIM;DATA DO FATURAMENTO;DIA DA SEMANA ANTERIOR;DOMINGO;DIA DA SEMANA ANTERIOR;SÁBADO
VENDEDOR DE PARCEIRO - JAN/2018;DISAL PARCEIROS;5º;DIA DA SEMANA;5º SEXTA DO MES;SIM;DATA DO CADASTRO (ADM);DIA DA SEMANA ANTERIOR;DOMINGO;DIA DA SEMANA ANTERIOR;SÁBADO;SIM;DATA PAGAMENTO DO CLIENTE;DIA DA SEMANA ANTERIOR;DOMINGO;DIA DA SEMANA ANTERIOR;SÁBADO;SIM;DATA DO FATURAMENTO;DIA DA SEMANA ANTERIOR;DOMINGO;DIA DA SEMANA ANTERIOR;SÁBADO
VENDEDOR DE PARCEIRO - JAN/2018;EMBRACON;1º;DIA DA SEMANA;1º SEXTA DO MES;SIM;DATA DO CADASTRO (ADM);DIA DA SEMANA ANTERIOR;DOMINGO;DIA DA SEMANA ANTERIOR;SÁBADO;SIM;DATA PAGAMENTO DO CLIENTE;DIA DA SEMANA ANTERIOR;DOMINGO;DIA DA SEMANA ANTERIOR;SÁBADO;SIM;DATA DO FATURAMENTO;DIA DA SEMANA ANTERIOR;DOMINGO;DIA DA SEMANA ANTERIOR;SÁBADO
VENDEDOR DE PARCEIRO - JAN/2018;EMBRACON;2º;DIA DA SEMANA;2º SEXTA DO MES;SIM;DATA ENTREGA VENDA;DIA DA SEMANA ANTERIOR;DOMINGO;DIA DA SEMANA ANTERIOR;SÁBADO;SIM;DATA PAGAMENTO DO CLIENTE;DIA DA SEMANA ANTERIOR;DOMINGO;DIA DA SEMANA ANTERIOR;SÁBADO;SIM;DATA DO FATURAMENTO;DIA DA SEMANA ANTERIOR;DOMINGO;DIA DA SEMANA ANTERIOR;SÁBADO
VENDEDOR DE PARCEIRO - JAN/2018;EMBRACON;3º;DIA DA SEMANA;3º SEXTA DO MES;SIM;DATA ENTREGA VENDA;DIA DA SEMANA ANTERIOR;DOMINGO;DIA DA SEMANA ANTERIOR;SÁBADO;SIM;DATA PAGAMENTO DO CLIENTE;DIA DA SEMANA ANTERIOR;DOMINGO;DIA DA SEMANA ANTERIOR;SÁBADO;SIM;DATA DO FATURAMENTO;DIA DA SEMANA ANTERIOR;DOMINGO;DIA DA SEMANA ANTERIOR;SÁBADO
VENDEDOR DE PARCEIRO - JAN/2018;EMBRACON;4º;DIA DA SEMANA;4º SEXTA DO MES;SIM;DATA DO CADASTRO (ADM);DIA DA SEMANA ANTERIOR;DOMINGO;DIA DA SEMANA ANTERIOR;SÁBADO;SIM;DATA PAGAMENTO DO CLIENTE;DIA DA SEMANA ANTERIOR;DOMINGO;DIA DA SEMANA ANTERIOR;SÁBADO;SIM;DATA DO FATURAMENTO;DIA DA SEMANA ANTERIOR;DOMINGO;DIA DA SEMANA ANTERIOR;SÁBADO
VENDEDOR DE PARCEIRO - JAN/2018;EMBRACON;5º;DIA DA SEMANA;5º SEXTA DO MES;SIM;DATA DO CADASTRO (ADM);DIA DA SEMANA ANTERIOR;DOMINGO;DIA DA SEMANA ANTERIOR;SÁBADO;SIM;DATA PAGAMENTO DO CLIENTE;DIA DA SEMANA ANTERIOR;DOMINGO;DIA DA SEMANA ANTERIOR;SÁBADO;SIM;DATA DO FATURAMENTO;DIA DA SEMANA ANTERIOR;DOMINGO;DIA DA SEMANA ANTERIOR;SÁBADO
VENDEDOR DE PARCEIRO - JAN/2018;RENAULT / NISSAN;1º;DIA DA SEMANA;1º SEXTA DO MES;SIM;DATA DO CADASTRO (ADM);DIA DA SEMANA ANTERIOR;DOMINGO;DIA DA SEMANA ANTERIOR;SÁBADO;SIM;DATA PAGAMENTO DO CLIENTE;DIA DA SEMANA ANTERIOR;DOMINGO;DIA DA SEMANA ANTERIOR;SÁBADO;SIM;DATA DO FATURAMENTO;DIA DA SEMANA ANTERIOR;DOMINGO;DIA DA SEMANA ANTERIOR;SÁBADO
VENDEDOR DE PARCEIRO - JAN/2018;RENAULT / NISSAN;2º;DIA DA SEMANA;2º SEXTA DO MES;SIM;DATA DO CADASTRO (ADM);DIA DA SEMANA ANTERIOR;DOMINGO;DIA DA SEMANA ANTERIOR;SÁBADO;SIM;DATA PAGAMENTO DO CLIENTE;DIA DA SEMANA ANTERIOR;DOMINGO;DIA DA SEMANA ANTERIOR;SÁBADO;SIM;DATA DO FATURAMENTO;DIA DA SEMANA ANTERIOR;DOMINGO;DIA DA SEMANA ANTERIOR;SÁBADO
VENDEDOR DE PARCEIRO - JAN/2018;RENAULT / NISSAN;3º;DIA DA SEMANA;3º SEXTA DO MES;SIM;DATA DO CADASTRO (ADM);DIA DA SEMANA ANTERIOR;DOMINGO;DIA DA SEMANA ANTERIOR;SÁBADO;SIM;DATA PAGAMENTO DO CLIENTE;DIA DA SEMANA ANTERIOR;DOMINGO;DIA DA SEMANA ANTERIOR;SÁBADO;SIM;DATA DO FATURAMENTO;DIA DA SEMANA ANTERIOR;DOMINGO;DIA DA SEMANA ANTERIOR;SÁBADO
VENDEDOR DE PARCEIRO - JAN/2018;RENAULT / NISSAN;4º;DIA DA SEMANA;4º SEXTA DO MES;SIM;DATA DO CADASTRO (ADM);DIA DA SEMANA ANTERIOR;DOMINGO;DIA DA SEMANA ANTERIOR;SÁBADO;SIM;DATA PAGAMENTO DO CLIENTE;DIA DA SEMANA ANTERIOR;DOMINGO;DIA DA SEMANA ANTERIOR;SÁBADO;SIM;DATA DO FATURAMENTO;DIA DA SEMANA ANTERIOR;DOMINGO;DIA DA SEMANA ANTERIOR;SÁBADO
VENDEDOR DE PARCEIRO - JAN/2018;RENAULT / NISSAN;5º;DIA DA SEMANA;5º SEXTA DO MES;SIM;DATA DO CADASTRO (ADM);DIA DA SEMANA ANTERIOR;DOMINGO;DIA DA SEMANA ANTERIOR;SÁBADO;SIM;DATA PAGAMENTO DO CLIENTE;DIA DA SEMANA ANTERIOR;DOMINGO;DIA DA SEMANA ANTERIOR;SÁBADO;SIM;DATA DO CADASTRO (ADM);DIA DA SEMANA ANTERIOR;DOMINGO;DIA DA SEMANA ANTERIOR;SÁBADO
VENDEDOR DE PARCEIRO - JAN/2018;VOLKSWAGEN;1º;DIA DA SEMANA;1º SEXTA DO MES;SIM;DATA DO CADASTRO (ADM);DIA DA SEMANA ANTERIOR;DOMINGO;DIA DA SEMANA ANTERIOR;SÁBADO;SIM;DATA PAGAMENTO DO CLIENTE;DIA DA SEMANA ANTERIOR;DOMINGO;DIA DA SEMANA ANTERIOR;SÁBADO;SIM;DATA DO FATURAMENTO;DIA DA SEMANA ANTERIOR;DOMINGO;DIA DA SEMANA ANTERIOR;SÁBADO
VENDEDOR DE PARCEIRO - JAN/2018;VOLKSWAGEN;2º;DIA DA SEMANA;2º SEXTA DO MES;SIM;DATA DO CADASTRO (ADM);DIA DA SEMANA ANTERIOR;DOMINGO;DIA DA SEMANA ANTERIOR;SÁBADO;SIM;DATA PAGAMENTO DO CLIENTE;DIA DA SEMANA ANTERIOR;DOMINGO;DIA DA SEMANA ANTERIOR;SÁBADO;SIM;DATA DO FATURAMENTO;DIA DA SEMANA ANTERIOR;DOMINGO;DIA DA SEMANA ANTERIOR;SÁBADO
VENDEDOR DE PARCEIRO - JAN/2018;VOLKSWAGEN;3º;DIA DA SEMANA;3º SEXTA DO MES;SIM;DATA DO CADASTRO (ADM);DIA DA SEMANA ANTERIOR;DOMINGO;DIA DA SEMANA ANTERIOR;SÁBADO;SIM;DATA PAGAMENTO DO CLIENTE;DIA DA SEMANA ANTERIOR;DOMINGO;DIA DA SEMANA ANTERIOR;SÁBADO;SIM;DATA DO FATURAMENTO;DIA DA SEMANA ANTERIOR;DOMINGO;DIA DA SEMANA ANTERIOR;SÁBADO
VENDEDOR DE PARCEIRO - JAN/2018;VOLKSWAGEN;4º;DIA DA SEMANA;4º SEXTA DO MES;SIM;DATA DO CADASTRO (ADM);DIA DA SEMANA ANTERIOR;DOMINGO;DIA DA SEMANA ANTERIOR;SÁBADO;SIM;DATA PAGAMENTO DO CLIENTE;DIA DA SEMANA ANTERIOR;DOMINGO;DIA DA SEMANA ANTERIOR;SÁBADO;SIM;DATA DO FATURAMENTO;DIA DA SEMANA ANTERIOR;DOMINGO;DIA DA SEMANA ANTERIOR;SÁBADO
VENDEDOR DE PARCEIRO - JAN/2018;VOLKSWAGEN;5º;DIA DA SEMANA;5º SEXTA DO MES;SIM;DATA DO CADASTRO (ADM);DIA DA SEMANA ANTERIOR;DOMINGO;DIA DA SEMANA ANTERIOR;SÁBADO;SIM;DATA PAGAMENTO DO CLIENTE;DIA DA SEMANA ANTERIOR;DOMINGO;DIA DA SEMANA ANTERIOR;SÁBADO;SIM;DATA DO FATURAMENTO;DIA DA SEMANA ANTERIOR;DOMINGO;DIA DA SEMANA ANTERIOR;SÁBADO
